"","X","artist_names","streams","X100M","track_name","tiktok","peak_rank","weeks_on_chart","danceability","energy","key","loudness","mode","speechiness","acousticness","instrumentalness","liveness","tempo","time_signature","duration_ms","LOG.weeks_on_chart","LOG.danceability","LOG.energy"
"1",1,"(G)I-DLE",1.549107296,5,"TOMBOY",0,189,1,0.755,0.87,1,-2.414,0,0.0936,0.00988,0,0.0917,124.032,4,174387,0,-0.281037529733112,-0.139262067333508
"2",2,"24kGoldn",3.705648954,7,"Mood (feat. iann dior)",1,1,85,0.701,0.716,7,-3.671,0,0.0361,0.174,0,0.324,91.007,4,140533,4.44265125649032,-0.355247391947547,-0.334075112021491
"3",3,"50 Cent",6.248846278,14,"In Da Club",0,77,6,0.899,0.713,6,-2.752,0,0.366,0.255,0,0.0708,90.051,4,193467,1.79175946922805,-0.106472244510517,-0.338273858567841
"4",4,"A$AP Rocky",7.788610912,19,"D.M.B.",0,159,1,0.727,0.616,8,-8.487,1,0.338,0.542,4.47e-06,0.482,140.014,4,291612,0,-0.318828801448618,-0.484508315448617
"5",5,"Adele",15.561219687,28,"Rolling in the Deep",0,36,16,0.73,0.769,8,-5.114,1,0.0298,0.138,0,0.0473,104.948,4,228093,2.77258872223978,-0.3147107448397,-0.262664309476493
"6",6,"Adele",15.561219687,28,"Easy On Me",0,1,23,0.604,0.366,5,-7.519,1,0.0282,0.578,0,0.133,141.981,4,224695,3.13549421592915,-0.504181081047322,-1.00512194558077
"7",7,"Adele",15.561219687,28,"Oh My God",0,3,18,0.534,0.725,1,-3.906,1,0.046,0.091,0,0.0264,88.098,4,225149,2.89037175789616,-0.627359440021942,-0.321583624127462
"8",8,"Alesso",4.597495128,10,"When I’m Gone (with Katy Perry)",0,135,3,0.685,0.886,0,-4.179,1,0.034,0.028,0,0.481,125.034,4,161267,1.09861228866811,-0.378336440719912,-0.121038328377056
"9",9,"Anitta",6.801733116,20,"Envolver",1,3,3,0.812,0.736,4,-5.421,0,0.0833,0.152,0.00254,0.0914,91.993,4,193806,1.09861228866811,-0.208254938820459,-0.306525160253261
"10",10,"Anitta",6.801733116,20,"Boys Don't Cry",0,107,1,0.589,0.842,5,-4.86,1,0.0372,0.00178,0,0.113,164.163,4,136012,0,-0.52932909533055,-0.17197526473981
"11",11,"Arctic Monkeys",11.249748739,24,"Do I Wanna Know?",0,117,34,0.548,0.532,5,-7.596,1,0.0323,0.186,0.000263,0.217,85.03,4,272394,3.52636052461616,-0.601479992034121,-0.631111789640493
"12",12,"Arctic Monkeys",11.249748739,24,"I Wanna Be Yours",0,103,5,0.464,0.417,0,-9.345,0,0.0256,0.136,0.022,0.0974,67.528,4,183956,1.6094379124341,-0.767870726755882,-0.874669057183336
"13",13,"Arctic Monkeys",11.249748739,24,"Why'd You Only Call Me When You're High?",0,104,33,0.691,0.631,2,-6.478,1,0.0368,0.0483,1.13e-05,0.104,92.004,4,161124,3.49650756146648,-0.369615455214467,-0.460449416440924
"14",14,"Arctic Monkeys",11.249748739,24,"505",0,57,12,0.52,0.852,0,-5.866,1,0.0543,0.00237,5.79e-05,0.0733,140.267,4,253587,2.484906649788,-0.653926467406664,-0.160168752152821
"15",15,"Ariana Grande",32.28768204,71,"positions",1,1,74,0.737,0.802,0,-4.771,1,0.0878,0.468,0,0.0931,144.015,4,172325,4.30406509320417,-0.3051673867928,-0.220646671115623
"16",16,"Aventura",3.943857084,12,"Volví",0,10,34,0.725,0.86,1,-3.726,1,0.182,0.422,0.000284,0.0674,175.896,4,230125,3.52636052461616,-0.321583624127462,-0.150822889734584
"17",17,"Avicii",12.484875427,18,"The Nights",0,44,54,0.527,0.835,6,-5.298,1,0.0433,0.0166,0,0.249,125.983,4,176658,3.98898404656427,-0.640554730440775,-0.180323554131282
"18",18,"Avicii",12.484875427,18,"Wake Me Up",1,13,68,0.532,0.783,2,-5.697,1,0.0523,0.0038,0.0012,0.161,124.08,4,247427,4.21950770517611,-0.631111789640493,-0.244622582991334
"19",19,"Baby Keem",1.748313318,3,"family ties (with Kendrick Lamar)",0,30,20,0.711,0.611,1,-5.453,1,0.33,0.00588,0,0.23,134.093,4,252262,2.99573227355399,-0.341082849178896,-0.492658319810542
"20",20,"Bad Bunny",44.36903214,118,"La Santa",0,14,23,0.744,0.868,1,-4.524,1,0.047,0.0326,0,0.0822,93.037,4,206420,3.13549421592915,-0.295714244149045,-0.141563564321787
"21",21,"Bad Bunny",44.36903214,118,"Después de la Playa",0,7,14,0.564,0.903,5,-3.221,1,0.307,0.356,0,0.175,78.293,4,230400,2.63905732961526,-0.572701027484078,-0.102032725565152
"22",22,"Bad Bunny",44.36903214,118,"Otro Atardecer",0,24,14,0.777,0.595,2,-6.79,1,0.0375,0.59,0.00139,0.0669,108.02,4,244444,2.63905732961526,-0.25231492861449,-0.519193873436507
"23",23,"Bad Bunny",44.36903214,118,"Efecto",0,7,14,0.801,0.475,7,-8.797,0,0.0516,0.141,1.73e-05,0.0639,98.047,4,213061,2.63905732961526,-0.221894331913778,-0.744440474947496
"24",24,"Bad Bunny",44.36903214,118,"Tití Me Preguntó",0,4,14,0.65,0.715,5,-5.198,0,0.253,0.0993,0.000291,0.126,106.672,4,243717,2.63905732961526,-0.430782916092454,-0.335472736288129
"25",25,"Bad Bunny",44.36903214,118,"Neverita",0,15,14,0.876,0.498,10,-7.511,1,0.0478,0.0706,0,0.143,122.016,4,173119,2.63905732961526,-0.132389188045746,-0.697155201957484
"26",26,"Bad Bunny",44.36903214,118,"Yonaguni",0,3,42,0.644,0.648,1,-4.601,1,0.118,0.276,0,0.135,179.951,4,206710,3.73766961828337,-0.440056552877783,-0.433864582629862
"27",27,"Bad Bunny",44.36903214,118,"Si Estuviésemos Juntos",0,197,1,0.672,0.594,1,-6.813,0,0.0789,0.0626,5.14e-05,0.152,171.854,4,169248,0,-0.397496938458987,-0.520875959619492
"28",28,"Bad Bunny",44.36903214,118,"A Tu Merced",0,52,19,0.86,0.791,0,-4.784,1,0.0568,0.169,0.000106,0.106,92.023,4,175918,2.94443897916644,-0.150822889734584,-0.234457311214483
"29",29,"Bad Bunny",44.36903214,118,"Tarot",0,9,14,0.795,0.684,11,-3.971,0,0.0419,0.0225,0,0.658,114.011,4,237895,2.63905732961526,-0.229413164327805,-0.379797361359587
"30",30,"Bad Bunny",44.36903214,118,"Un Verano Sin Ti",0,20,4,0.503,0.496,5,-9.123,0,0.0556,0.693,0,0.123,187.844,4,148143,1.38629436111989,-0.687165108882398,-0.70117935225721
"31",31,"Bad Bunny",44.36903214,118,"Me Porto Bonito",0,2,14,0.911,0.712,1,-5.105,0,0.0817,0.0901,2.68e-05,0.0933,92.005,4,178567,2.63905732961526,-0.0932123817221787,-0.339677367570161
"32",32,"Bad Bunny",44.36903214,118,"DÁKITI",1,1,73,0.731,0.573,4,-10.059,0,0.0544,0.401,5.22e-05,0.113,109.928,4,205090,4.29045944114839,-0.313341819232359,-0.556869562267398
"33",33,"Bad Bunny",44.36903214,118,"La Corriente",0,17,14,0.663,0.786,11,-3.51,0,0.195,0.229,0,0.219,196.12,4,198367,2.63905732961526,-0.410980288796275,-0.24079848655293
"34",34,"Bad Bunny",44.36903214,118,"Un Coco",0,25,14,0.839,0.69,11,-4.464,1,0.0615,0.207,8.33e-06,0.176,151.991,4,196413,2.63905732961526,-0.175544572514931,-0.371063681390832
"35",35,"Bad Bunny",44.36903214,118,"Ojitos Lindos",0,3,14,0.647,0.686,3,-5.745,0,0.0413,0.08,1.34e-06,0.528,79.928,4,258299,2.63905732961526,-0.435408984481236,-0.376877651256252
"36",36,"Bad Bunny",44.36903214,118,"Party",1,6,14,0.829,0.799,9,-5.389,1,0.0897,0.0151,0.000543,0.242,97.013,4,227629,2.63905732961526,-0.187535123846842,-0.224394333215862
"37",37,"Bad Bunny",44.36903214,118,"Me Fui de Vacaciones",0,14,14,0.714,0.645,10,-5.493,1,0.0514,0.229,0.00083,0.0942,85.046,4,180930,2.63905732961526,-0.336872316642553,-0.438504962186365
"38",38,"Bad Bunny",44.36903214,118,"Dos Mil 16",0,19,14,0.817,0.67,1,-6.534,1,0.0506,0.123,1.92e-06,0.128,130.058,3,208615,2.63905732961526,-0.202116184122134,-0.400477566597125
"39",39,"Bad Bunny",44.36903214,118,"Andrea",0,21,14,0.797,0.616,1,-10.229,0,0.375,0.762,0.000293,0.0979,103.071,4,339612,2.63905732961526,-0.226900600191922,-0.484508315448617
"40",40,"Bad Bunny",44.36903214,118,"Aguacero",0,22,14,0.861,0.645,6,-6.96,0,0.0743,0.423,0.000592,0.349,121.391,5,210989,2.63905732961526,-0.149660774554406,-0.438504962186365
"41",41,"Bad Bunny",44.36903214,118,"El Apagón",0,28,4,0.629,0.698,8,-4.485,1,0.308,0.0509,0.00166,0.0909,117.765,4,201816,1.38629436111989,-0.463624022281697,-0.359536176219765
"42",42,"Bad Bunny",44.36903214,118,"Enséñame a Bailar",0,27,4,0.81,0.789,8,-5.08,1,0.0846,0.191,1.08e-05,0.467,105.009,4,176000,1.38629436111989,-0.210721031315653,-0.236988958136263
"43",43,"Bad Bunny",44.36903214,118,"Un Ratito",0,10,14,0.787,0.546,0,-7.094,0,0.0532,0.305,4.55e-05,0.122,93.05,4,176936,2.63905732961526,-0.239527030564734,-0.605136303237232
"44",44,"Bad Bunny",44.36903214,118,"Callaita",0,7,67,0.608,0.626,2,-4.773,1,0.301,0.597,2.16e-06,0.25,176.086,4,250534,4.20469261939097,-0.49758039701597,-0.468404907882039
"45",45,"Bad Bunny",44.36903214,118,"Yo No Soy Celoso",0,11,14,0.872,0.588,0,-6.276,1,0.0492,0.275,0,0.17,142.004,4,230704,2.63905732961526,-0.136965855073157,-0.53102833108351
"46",46,"Bad Bunny",44.36903214,118,"Moscow Mule",0,2,14,0.804,0.674,5,-5.453,0,0.0333,0.294,1.18e-06,0.115,99.968,4,245940,2.63905732961526,-0.218156009803171,-0.39452516806983
"47",47,"Bad Bunny",44.36903214,118,"La Zona",0,60,7,0.762,0.801,1,-3.661,0,0.0409,0.2,7.04e-05,0.254,93.992,4,136893,1.94591014905531,-0.271808723295491,-0.221894331913778
"48",48,"Bad Bunny",44.36903214,118,"Agosto",0,30,4,0.849,0.584,1,-8.195,0,0.115,0.0929,6.18e-06,0.492,115.018,4,139041,1.38629436111989,-0.16369609267079,-0.53785429615391
"49",49,"Beach House",1.5378371,2,"Space Song",0,174,10,0.508,0.792,0,-7.311,0,0.0297,0.229,0.124,0.145,147.067,4,320467,2.30258509299405,-0.677273831403655,-0.233193887167711
"50",50,"Becky G",6.434404802,16,"MAMIII",1,5,6,0.843,0.7,4,-3.563,0,0.0803,0.0934,0,0.14,93.991,4,226088,1.79175946922805,-0.170788320980282,-0.356674943938732
"51",51,"benny blanco",3.661450439,7,"Bad Decisions (with BTS & Snoop Dogg)",0,15,1,0.762,0.861,0,-3.296,1,0.0955,0.0185,0,0.264,120.048,4,172714,0,-0.271808723295491,-0.149660774554406
"52",52,"Beyoncé",15.593114022,36,"MOVE (feat. Grace Jones & Tems)",0,96,1,0.876,0.628,1,-6.595,1,0.0935,0.0165,0.0339,0.0938,118.028,4,203383,0,-0.132389188045746,-0.465215112513938
"53",53,"Beyoncé",15.593114022,36,"VIRGO'S GROOVE",0,77,1,0.683,0.85,11,-5.042,0,0.0699,0.0781,1.09e-06,0.741,107.988,4,368758,0,-0.381260419411347,-0.162518929497775
"54",54,"Beyoncé",15.593114022,36,"CHURCH GIRL",0,39,1,0.792,0.919,2,-5.688,1,0.276,0.0381,5.1e-06,0.368,92.028,4,224473,0,-0.233193887167711,-0.08446915662645
"55",55,"Beyoncé",15.593114022,36,"I'M THAT GIRL",0,33,1,0.554,0.535,5,-8.959,0,0.186,0.0616,1.32e-05,0.124,105.865,4,208014,0,-0.590590592234853,-0.62548853208613
"56",56,"Beyoncé",15.593114022,36,"AMERICA HAS A PROBLEM",0,152,1,0.789,0.614,1,-6.491,1,0.0579,0.00348,0.00152,0.283,126.035,4,198898,0,-0.236988958136263,-0.487760350834995
"57",57,"Beyoncé",15.593114022,36,"ENERGY (feat. Beam)",0,34,2,0.903,0.519,1,-9.151,1,0.26,0.281,0.000106,0.155,114.991,4,116727,0.693147180559945,-0.102032725565152,-0.655851395816248
"58",58,"Beyoncé",15.593114022,36,"CUFF IT",0,30,2,0.78,0.689,7,-5.668,1,0.141,0.0368,9.69e-06,0.0698,115.042,4,225389,0.693147180559945,-0.2484613592985,-0.372514007968479
"59",59,"Beyoncé",15.593114022,36,"HEATED",0,93,1,0.785,0.732,1,-5.724,1,0.164,0.0636,0.000807,0.265,110.952,4,260771,0,-0.242071561199729,-0.311974765020825
"60",60,"Beyoncé",15.593114022,36,"PLASTIC OFF THE SOFA",0,85,1,0.618,0.712,1,-8.246,1,0.114,0.14,4.53e-06,0.575,97.057,4,254319,0,-0.481266821524446,-0.339677367570161
"61",61,"Beyoncé",15.593114022,36,"THIQUE",0,102,1,0.823,0.536,5,-10.123,0,0.319,0.0616,0.0143,0.326,128.955,4,244792,0,-0.194799078305067,-0.623621117911335
"62",62,"Beyoncé",15.593114022,36,"COZY",0,50,1,0.556,0.63,7,-8.15,1,0.102,0.000828,0.00468,0.155,149.147,5,210372,0,-0.586986984731555,-0.462035459596559
"63",63,"Beyoncé",15.593114022,36,"ALIEN SUPERSTAR",0,24,2,0.545,0.641,10,-6.398,0,0.0998,0.00453,6.59e-05,0.171,121.892,4,215460,0.693147180559945,-0.606969484318893,-0.444725822061467
"64",64,"Beyoncé",15.593114022,36,"ALL UP IN YOUR MIND",0,148,1,0.744,0.577,9,-7.228,1,0.0631,0.0672,3.06e-06,0.178,135.869,4,169820,0,-0.295714244149045,-0.549913012474038
"65",65,"Beyoncé",15.593114022,36,"SUMMER RENAISSANCE",0,46,2,0.674,0.625,1,-9.593,1,0.0514,0.0843,0.0015,0.11,120.004,4,273998,0.693147180559945,-0.39452516806983,-0.470003629245736
"66",66,"Beyoncé",15.593114022,36,"PURE/HONEY",0,114,1,0.857,0.558,1,-7.888,1,0.134,0.0122,4.8e-05,0.288,123.973,4,288255,0,-0.154317360384357,-0.583396316600826
"67",67,"Beyoncé",15.593114022,36,"BREAK MY SOUL",0,12,8,0.693,0.887,1,-5.039,0,0.0795,0.0581,2.71e-06,0.27,114.942,4,278282,2.07944154167984,-0.366725279792234,-0.119910296672558
"69",69,"Billie Eilish",23.68498678,47,"TV",0,27,3,0.412,0.236,4,-15.159,0,0.0379,0.83,0.00653,0.147,140.214,4,281381,1.09861228866811,-0.886731929632611,-1.44392347395653
"70",70,"Billie Eilish",23.68498678,47,"Bored",0,51,16,0.614,0.318,7,-12.695,1,0.0478,0.896,0.00239,0.0795,119.959,4,180933,2.77258872223978,-0.487760350834995,-1.14570389620196
"74",74,"Bizarrap",4.326642648,12,"Tiago PZK: Bzrp Music Sessions, Vol. 48",0,37,12,0.656,0.823,1,-3.059,0,0.315,0.47,0,0.103,96.474,4,160000,2.484906649788,-0.421594490038048,-0.194799078305067
"75",75,"Bizarrap",4.326642648,12,"Paulo Londra: Bzrp Music Sessions, Vol. 23",0,19,1,0.456,0.91,0,-2.659,1,0.136,0.256,0,0.0921,95.927,4,258542,0,-0.785262469467751,-0.0943106794712413
"76",76,"Bizarrap",4.326642648,12,"Residente: Bzrp Music Sessions, Vol. 49",0,18,3,0.586,0.74,1,-2.997,0,0.404,0.555,0,0.11,71.378,3,519289,1.09861228866811,-0.534435489405125,-0.301105092783922
"77",77,"Bizarrap",4.326642648,12,"Quevedo: Bzrp Music Sessions, Vol. 52",0,1,5,0.621,0.782,2,-5.548,1,0.044,0.0125,0.033,0.23,128.033,4,198938,1.6094379124341,-0.476424197048658,-0.245900538436826
"78",78,"Bizarrap",4.326642648,12,"Villano Antillano: Bzrp Music Sessions, Vol. 51",0,45,9,0.82,0.752,1,-7.635,0,0.0648,0.0584,0.00417,0.628,127.999,4,187500,2.19722457733622,-0.198450938723838,-0.285018955032297
"79",79,"Black Eyed Peas",7.055175439,13,"DON'T YOU WORRY",0,189,1,0.816,0.874,11,-4.822,1,0.0308,0.201,0,0.209,131.967,4,196364,0,-0.20334092401803,-0.134674903326602
"80",80,"Brent Faiyaz",2.107146096,7,"LOOSE CHANGE",0,178,1,0.574,0.369,1,-8.931,0,0.0814,0.753,0,0.147,84.975,4,226011,0,-0.555125882662571,-0.99695863494161
"81",81,"Brent Faiyaz",2.107146096,7,"ALL MINE",0,188,1,0.617,0.378,9,-8.54,1,0.0315,0.428,9.16e-05,0.11,141.967,4,216063,0,-0.482886255076749,-0.972861083362549
"82",82,"Bruno Mars",18.201285113,32,"Leave The Door Open",1,5,55,0.586,0.616,5,-7.964,1,0.0324,0.182,0,0.0927,148.088,4,242096,4.00733318523247,-0.534435489405125,-0.484508315448617
"83",83,"Bruno Mars",18.201285113,32,"When I Was Your Man",0,181,2,0.601,0.271,0,-8.688,1,0.0403,0.937,0,0.144,145.494,4,213827,0.693147180559945,-0.509160344446929,-1.30563645810244
"84",84,"Bruno Mars",18.201285113,32,"Just the Way You Are",0,133,22,0.635,0.841,5,-5.379,1,0.0422,0.0134,0,0.0622,109.021,4,220734,3.09104245335832,-0.454130280089445,-0.173163619009189
"85",85,"Bruno Mars",18.201285113,32,"Locked out of Heaven",0,111,12,0.728,0.697,5,-4.125,1,0.0456,0.0556,0,0.282,143.986,4,233653,2.484906649788,-0.317454230785451,-0.360969868221613
"86",86,"Bruno Mars",18.201285113,32,"Smokin Out The Window",0,8,11,0.627,0.618,2,-8.529,1,0.0437,0.0558,0,0.351,82.03,4,197443,2.39789527279837,-0.466808738349216,-0.481266821524446
"87",87,"Bruno Mars",18.201285113,32,"Talking to the Moon",1,45,50,0.498,0.59,1,-4.721,0,0.032,0.511,0,0.107,145.867,4,217867,3.91202300542815,-0.697155201957484,-0.527632742082372
"88",88,"BTS",28.533458128,98,"Permission to Dance",0,5,26,0.702,0.741,9,-5.33,1,0.0427,0.00544,0,0.337,124.925,4,187585,3.25809653802148,-0.353821874956326,-0.29975465368605
"89",89,"BTS",28.533458128,98,"Dynamite",0,2,83,0.746,0.765,6,-4.41,0,0.0993,0.0112,0,0.0936,114.044,4,199054,4.4188406077966,-0.293029678778376,-0.267879445155601
"90",90,"BTS",28.533458128,98,"Born Singer",0,43,1,0.602,0.841,8,-3.334,0,0.109,0.0354,0,0.235,157.937,4,238628,0,-0.507497833673316,-0.173163619009189
"91",91,"BTS",28.533458128,98,"Run BTS",0,11,1,0.724,0.818,8,-3.747,1,0.168,0.0201,0,0.0358,77.004,4,204940,0,-0.322963886596421,-0.20089294237939
"92",92,"BTS",28.533458128,98,"Boy With Luv (feat. Halsey)",0,3,46,0.645,0.862,11,-4.761,0,0.0845,0.0933,0,0.193,119.947,4,229773,3.8286413964891,-0.438504962186365,-0.148500008318444
"93",93,"BTS",28.533458128,98,"For Youth",0,30,1,0.633,0.511,2,-5.665,1,0.0368,0.434,0,0.248,116.855,3,264481,0,-0.457284856837961,-0.671385688778433
"94",94,"BTS",28.533458128,98,"Yet To Come",0,7,8,0.559,0.885,1,-4.515,1,0.189,0.0432,0,0.333,172.029,4,193594,2.07944154167984,-0.581605805827038,-0.122167633974208
"95",95,"BTS",28.533458128,98,"Butter",0,2,44,0.759,0.459,8,-5.187,1,0.0948,0.00323,0,0.0906,109.997,4,164442,3.78418963391826,-0.275753501586507,-0.778705068921592
"96",96,"Burna Boy",1.821371663,4,"Last Last",0,93,5,0.795,0.565,3,-4.457,0,0.0948,0.131,0,0.0802,87.925,4,172342,1.6094379124341,-0.229413164327805,-0.570929547835696
"97",97,"C. Tangana",2.808496289,9,"Demasiadas Mujeres",0,127,3,0.658,0.453,9,-7.378,0,0.39,0.131,2e-04,0.0848,126.043,4,153960,1.09861228866811,-0.41855034765682,-0.791863153499103
"98",98,"Calvin Harris",17.820311936,29,"Stay With Me (with Justin Timberlake, Halsey, & Pharrell)",0,86,1,0.81,0.733,9,-6.338,1,0.0444,0.276,6.73e-06,0.288,125.975,4,229283,0,-0.210721031315653,-0.310609577095486
"99",99,"Calvin Harris",17.820311936,29,"Potion (with Dua Lipa & Young Thug)",0,26,10,0.824,0.697,11,-4.869,0,0.0473,0.158,4.11e-05,0.0751,99.987,4,215216,2.30258509299405,-0.193584749072665,-0.360969868221613
"100",100,"Calvin Harris",17.820311936,29,"One Kiss (with Dua Lipa)",0,2,83,0.791,0.862,9,-3.24,0,0.11,0.037,2.19e-05,0.0814,123.994,4,214847,4.4188406077966,-0.234457311214483,-0.148500008318444
"101",102,"Camila Cabello",11.822254851,24,"psychofreak (feat. WILLOW)",0,71,1,0.629,0.64,7,-7.638,0,0.0752,0.342,1.17e-05,0.0928,179.989,4,201495,0,-0.463624022281697,-0.446287102628419
"102",103,"Camila Cabello",11.822254851,24,"Bam Bam (feat. Ed Sheeran)",1,13,3,0.756,0.697,8,-6.377,1,0.0401,0.182,0,0.333,94.996,4,206071,1.09861228866811,-0.279713902802604,-0.360969868221613
"103",104,"Cardi B",9.066363643,18,"Hot Shit (feat. Ye & Lil Durk)",0,54,2,0.878,0.685,9,-5.28,1,0.225,0.00152,0,0.0753,157.003,4,211649,0.693147180559945,-0.13010868534702,-0.378336440719912
"104",105,"Central Cee",1.428646963,5,"Doja",1,15,3,0.911,0.573,6,-7.43,1,0.288,0.38,0,0.403,140.04,4,97393,1.09861228866811,-0.0932123817221787,-0.556869562267398
"105",106,"Charlie Puth",9.570632839,14,"Left and Right (Feat. Jung Kook of BTS)",0,7,7,0.881,0.592,2,-4.898,1,0.0324,0.619,1.32e-05,0.0901,101.058,4,154487,1.94591014905531,-0.126697653045958,-0.524248644098131
"106",107,"Charlie Puth",9.570632839,14,"That's Hilarious",0,112,1,0.714,0.442,6,-5.909,1,0.0605,0.742,0,0.114,108.039,4,146855,0,-0.336872316642553,-0.816445396904439
"107",108,"Charlie Puth",9.570632839,14,"Light Switch",1,19,9,0.69,0.626,6,-5.693,1,0.306,0.105,0.000335,0.0881,184.009,4,185681,2.19722457733622,-0.371063681390832,-0.468404907882039
"108",109,"Chase Atlantic",2.105375619,4,"Swim",0,134,1,0.666,0.542,8,-6.429,1,0.0392,0.27,0,0.0765,120.134,4,228787,0,-0.406465608441748,-0.612489277542491
"109",110,"Childish Gambino",6.247735359,13,"Me and Your Mama",0,158,2,0.554,0.433,5,-12.628,1,0.0341,0.0116,0.0449,0.0667,117.996,3,379227,0.693147180559945,-0.590590592234853,-0.837017550979647
"110",111,"Chris Brown",15.440015429,38,"Under The Influence",0,32,3,0.733,0.69,9,-5.529,0,0.0427,0.0635,1.18e-06,0.105,116.992,4,184613,1.09861228866811,-0.310609577095486,-0.371063681390832
"111",112,"Christian Nodal",5.835820936,18,"Ya No Somos Ni Seremos",0,37,5,0.588,0.452,7,-4.75,1,0.0268,0.437,0,0.344,139.953,4,185723,1.6094379124341,-0.53102833108351,-0.794073099149906
"113",114,"Coldplay",22.214835214,34,"Yellow",0,101,66,0.429,0.661,11,-7.227,1,0.0281,0.00239,0.000121,0.234,173.372,4,266773,4.18965474202643,-0.84629836005412,-0.414001439130451
"114",115,"Coldplay",22.214835214,34,"My Universe",0,3,26,0.573,0.711,1,-6.268,0,0.0406,0.0114,0,0.328,105.006,4,226198,3.25809653802148,-0.556869562267398,-0.341082849178896
"116",117,"Daddy Yankee",18.075604863,44,"REMIX",0,166,1,0.819,0.781,1,-4.879,1,0.0547,0.0323,0.0012,0.121,100.062,4,163680,0,-0.199671195129068,-0.247180129142451
"117",118,"Daddy Yankee",18.075604863,44,"PARA SIEMPRE",0,193,1,0.794,0.828,8,-5.883,0,0.0756,0.0999,0,0.102,90.015,4,210333,0,-0.230671817735001,-0.188742124596877
"118",119,"Daddy Yankee",18.075604863,44,"X ÚLTIMA VEZ",0,18,20,0.812,0.855,7,-3.725,1,0.0554,0.0789,0.000167,0.108,90.04,4,192477,2.99573227355399,-0.208254938820459,-0.156653810045377
"119",120,"Daddy Yankee",18.075604863,44,"RUMBATÓN",0,58,1,0.685,0.909,3,-4.034,0,0.0396,0.0471,0,0.35,95.004,4,248769,0,-0.378336440719912,-0.0954101848046582
"120",121,"Daft Punk",5.55169133,12,"Get Lucky (feat. Pharrell Williams & Nile Rodgers) - Radio Edit",0,167,1,0.794,0.811,6,-8.966,0,0.038,0.0426,1.07e-06,0.101,116.047,4,248413,0,-0.230671817735001,-0.209487224866724
"121",122,"Danny Ocean",3.541587214,8,"Fuera del mercado",0,122,1,0.453,0.673,8,-5.649,1,0.144,0.32,0,0.131,92.06,4,159849,0,-0.791863153499103,-0.396009949337409
"122",123,"Dave",2.749490108,8,"Starlight",0,45,3,0.954,0.367,4,-9.551,0,0.288,0.341,5.48e-06,0.0979,124.026,4,211935,1.09861228866811,-0.0470916075338506,-1.00239343092757
"123",124,"David Guetta",19.104897589,46,"Crazy What Love Can Do",1,127,14,0.601,0.713,4,-3.758,0,0.0449,0.0282,0,0.158,122.872,4,169756,2.63905732961526,-0.509160344446929,-0.338273858567841
"124",125,"Demi Lovato",10.668611459,23,"Cool for the Summer",1,61,1,0.583,0.61,5,-5.639,0,0.0382,0.00425,0.000105,0.14,114.06,4,214740,0,-0.539568092631645,-0.49429632181478
"125",126,"DJ Khaled",7.262608327,14,"STAYING ALIVE (feat. Drake & Lil Baby)",0,21,1,0.718,0.461,4,-7.676,0,0.0797,0.068,0,0.283,129.953,4,178176,0,-0.331285709933913,-0.774357235985488
"126",127,"Doja Cat",11.973361879,25,"You Right",1,15,39,0.828,0.621,8,-6.414,1,0.0565,0.0164,0.00233,0.0845,128.986,4,186173,3.66356164612965,-0.188742124596877,-0.476424197048658
"127",128,"Doja Cat",11.973361879,25,"Vegas (From the Original Motion Picture Soundtrack ELVIS)",0,26,10,0.801,0.601,8,-7.574,0,0.255,0.0777,3.23e-05,0.145,159.969,4,182907,2.30258509299405,-0.221894331913778,-0.509160344446929
"128",129,"Doja Cat",11.973361879,25,"Kiss Me More (feat. SZA)",1,3,50,0.764,0.705,8,-3.463,1,0.0284,0.259,8.92e-05,0.12,110.97,4,208667,3.91202300542815,-0.269187489815617,-0.349557476169868
"129",130,"Doja Cat",11.973361879,25,"Woman",1,6,37,0.824,0.764,5,-4.175,0,0.0854,0.0888,0.00294,0.117,107.998,4,172627,3.61091791264422,-0.193584749072665,-0.269187489815617
"130",131,"Doja Cat",11.973361879,25,"Get Into It (Yuh)",0,36,34,0.912,0.655,8,-6.029,0,0.162,0.315,3.39e-05,0.0894,91.942,4,138293,3.52636052461616,-0.0921152889078056,-0.423120043346885
"131",132,"Doja Cat",11.973361879,25,"Need to Know",1,6,41,0.664,0.609,1,-6.509,1,0.0707,0.304,0,0.0926,130.041,4,210560,3.71357206670431,-0.409473129505703,-0.49593701127224
"132",133,"Doja Cat",11.973361879,25,"Streets",0,9,45,0.749,0.463,11,-8.433,1,0.0842,0.21,0.0382,0.338,90.035,4,226987,3.80666248977032,-0.289016295464918,-0.770028224895903
"133",134,"Doja Cat",11.973361879,25,"Ain't Shit",1,22,21,0.855,0.488,3,-4.601,1,0.208,0.506,0,0.347,124.097,4,174253,3.04452243772342,-0.156653810045377,-0.71743987312899
"135",136,"Dr. Dre",3.941098327,8,"The Next Episode",0,86,1,0.922,0.909,10,-2.429,0,0.27,0.0281,0,0.0856,95.295,4,161507,0,-0.0812100554255432,-0.0954101848046582
"136",137,"Dr. Dre",3.941098327,8,"Still D.R.E.",0,29,6,0.816,0.775,11,-3.323,1,0.234,0.16,0.00031,0.0543,93.431,4,270587,1.79175946922805,-0.20334092401803,-0.25489224962879
"137",138,"Drake",50.162292808,130,"Sticky",0,17,5,0.853,0.495,6,-14.63,1,0.14,0.0917,0.000217,0.0844,137.027,4,243228,1.6094379124341,-0.158995731490458,-0.703197516413447
"138",139,"Drake",50.162292808,130,"Texts Go Green",0,25,1,0.765,0.627,0,-4.607,1,0.0622,0.000916,0.195,0.0847,118.997,4,308820,0,-0.267879445155601,-0.466808738349216
"139",140,"Drake",50.162292808,130,"Fair Trade (with Travis Scott)",0,3,19,0.666,0.465,1,-8.545,1,0.26,0.0503,0,0.215,167.937,4,291175,2.94443897916644,-0.406465608441748,-0.765717873394781
"140",141,"Drake",50.162292808,130,"Calling My Name",0,30,1,0.826,0.276,11,-11.227,0,0.266,0.62,8.53e-05,0.118,123.985,4,129965,0,-0.191160505461159,-1.28735441326499
"141",142,"Drake",50.162292808,130,"Massive",0,18,8,0.499,0.671,4,-6.774,0,0.0561,0.114,0.0169,0.148,124.994,3,336924,2.07944154167984,-0.695149183230618,-0.398986142010455
"142",143,"Drake",50.162292808,130,"Flight's Booked",0,49,1,0.593,0.41,3,-13.097,0,0.0531,0.886,0.0993,0.115,122.584,4,254407,0,-0.522560879984412,-0.891598119283784
"143",144,"Drake",50.162292808,130,"Falling Back",1,10,1,0.718,0.758,10,-8.29,1,0.0703,0.238,0.00653,0.11,118.989,4,266179,0,-0.331285709933913,-0.277071893339765
"144",145,"Drake",50.162292808,130,"Jimmy Cooks (feat. 21 Savage)",1,7,8,0.529,0.673,0,-4.711,1,0.175,0.000307,2.41e-06,0.093,165.921,4,218365,2.07944154167984,-0.636766847123838,-0.396009949337409
"145",146,"Drake",50.162292808,130,"Way 2 Sexy (with Future & Young Thug)",0,5,20,0.803,0.597,11,-6.035,0,0.141,0.000619,4.5e-06,0.323,136.008,4,257605,2.99573227355399,-0.219400565035375,-0.515838165589535
"147",148,"Drake",50.162292808,130,"Overdrive",0,68,1,0.502,0.645,2,-10.611,0,0.122,0.444,0.00964,0.107,109.739,4,202451,0,-0.689155159290408,-0.438504962186365
"148",149,"Drake",50.162292808,130,"Knife Talk (with 21 Savage ft. Project Pat)",1,10,29,0.849,0.424,5,-9.579,0,0.324,0.0635,0,0.0834,145.887,4,242966,3.36729582998647,-0.16369609267079,-0.858021823750179
"149",150,"Drake",50.162292808,130,"A Keeper",0,28,1,0.6,0.482,1,-11.596,1,0.0701,0.512,0.000104,0.115,121.909,4,173097,0,-0.510825623765991,-0.729811164931537
"151",152,"Drake",50.162292808,130,"Down Hill",0,89,1,0.718,0.319,3,-11.261,1,0.0435,0.965,0.00036,0.0895,109.994,4,250865,0,-0.331285709933913,-1.14256417619729
"152",153,"Drake",50.162292808,130,"Liability",0,96,1,0.557,0.706,0,-6.592,1,0.0649,0.268,0,0.132,105.013,4,237933,0,-0.585190039054853,-0.348140041488895
"153",154,"Drake",50.162292808,130,"Currents",0,38,1,0.883,0.283,0,-12.653,1,0.113,0.104,0.00167,0.0935,122.013,4,157390,0,-0.124430078378177,-1.2623083813389
"154",155,"Drake",50.162292808,130,"Tie That Binds",0,87,1,0.775,0.688,4,-10.912,0,0.0593,0.0176,0.0917,0.108,120.017,4,336005,0,-0.25489224962879,-0.373966441048793
"155",156,"Dua Lipa",22.18629047,36,"Levitating (feat. DaBaby)",1,4,77,0.702,0.825,6,-3.787,0,0.0601,0.00883,0,0.0674,102.977,4,203064,4.34380542185368,-0.353821874956326,-0.192371892647456
"157",158,"Dua Lipa",22.18629047,36,"Levitating",1,52,38,0.695,0.884,6,-2.278,0,0.0753,0.0561,0,0.213,103.014,4,203808,3.63758615972639,-0.363843433417345,-0.123298216344494
"158",159,"Duki",4.869537547,13,"GIVENCHY",0,25,3,0.607,0.619,8,-6.726,1,0.396,0.142,0,0.231,102.974,3,182611,1.09861228866811,-0.499226487922639,-0.479650006297541
"159",160,"Duki",4.869537547,13,"Si Quieren Frontear",0,113,1,0.789,0.837,10,-3.247,1,0.23,0.125,0,0.209,81.536,4,200337,0,-0.236988958136263,-0.177931208492662
"160",161,"Duki",4.869537547,13,"Antes de Perderte",0,173,1,0.812,0.925,5,-3.092,0,0.113,0.487,0,0.115,110.031,4,176727,0,-0.208254938820459,-0.0779615414697118
"161",162,"Ed Sheeran",38.153682361,62,"The Joker And The Queen (feat. Taylor Swift)",0,20,1,0.528,0.309,0,-7.398,1,0.0329,0.924,2.1e-06,0.282,133.83,4,185422,0,-0.638658995275876,-1.17441400208439
"163",164,"Ed Sheeran",38.153682361,62,"Shivers",0,4,28,0.788,0.859,2,-2.724,1,0.0856,0.281,0,0.0424,141.02,4,207853,3.3322045101752,-0.238257189124258,-0.151986356997882
"165",166,"Ed Sheeran",38.153682361,62,"Bad Habits",1,3,39,0.807,0.893,11,-3.745,0,0.0347,0.0451,2.79e-05,0.366,126.011,4,230747,3.66356164612965,-0.214431610712188,-0.113168698105638
"167",168,"Ed Sheeran",38.153682361,62,"2step (feat. Lil Baby)",0,131,1,0.693,0.643,4,-5.867,0,0.0828,0.138,0,0.108,95.055,4,163450,0,-0.366725279792234,-0.441610554744518
"168",169,"Elton John",8.43744233,17,"Cold Heart - PNAU Remix",1,4,32,0.795,0.8,1,-6.32,1,0.0309,0.0354,7.25e-05,0.0915,116.032,4,202735,3.46573590279973,-0.229413164327805,-0.22314355131421
"169",170,"Eminem",30.431861291,65,"Stan",0,138,6,0.78,0.768,6,-4.325,0,0.238,0.0371,2.34e-06,0.518,80.063,4,404107,1.79175946922805,-0.2484613592985,-0.263965545834465
"170",171,"Eminem",30.431861291,65,"'Till I Collapse",0,81,39,0.548,0.847,1,-3.237,1,0.186,0.0622,0,0.0816,171.447,4,297787,3.66356164612965,-0.601479992034121,-0.166054584330083
"171",172,"Eminem",30.431861291,65,"The Real Slim Shady",0,51,42,0.949,0.661,5,-4.244,0,0.0572,0.0302,0,0.0454,104.504,4,284200,3.73766961828337,-0.0523464803722092,-0.414001439130451
"172",173,"Eminem",30.431861291,65,"Godzilla (feat. Juice WRLD)",0,4,76,0.808,0.745,10,-5.26,0,0.342,0.145,0,0.292,165.995,4,210800,4.33073334028633,-0.213193220461042,-0.294371060602578
"173",174,"Eminem",30.431861291,65,"Lose Yourself - From ""8 Mile"" Soundtrack",0,44,66,0.686,0.735,2,-4.616,1,0.264,0.00921,0.00066,0.342,171.355,4,322227,4.18965474202643,-0.376877651256252,-0.3078847797693
"174",175,"Eminem",30.431861291,65,"Without Me",1,31,26,0.908,0.669,7,-2.827,1,0.0738,0.00286,0,0.237,112.238,4,290320,3.25809653802148,-0.0965109003808437,-0.401971218853909
"175",176,"Eminem",30.431861291,65,"From The D 2 The LBC (with Snoop Dogg)",0,135,1,0.73,0.785,9,-7.986,0,0.243,0.105,0,0.0445,82.037,4,215120,0,-0.3147107448397,-0.242071561199729
"176",177,"Ezhel",1.969446772,3,"Nerdesin",0,164,3,0.816,0.696,8,-6.75,0,0.153,0.201,0.000643,0.13,100.004,4,176268,1.09861228866811,-0.20334092401803,-0.362405618647717
"177",178,"Farruko",11.983825654,31,"Pepas",1,4,37,0.762,0.766,7,-3.955,1,0.0343,0.00776,6.98e-05,0.128,130.001,4,287120,3.61091791264422,-0.271808723295491,-0.266573109241546
"178",179,"Feid",3.009497561,5,"Si Te La Encuentras Por Ahí",0,86,1,0.743,0.576,8,-3.552,0,0.076,0.151,5.87e-05,0.128,171.945,4,191573,0,-0.297059234264378,-0.551647618286246
"179",180,"Feid",3.009497561,5,"Normal",0,57,5,0.712,0.557,4,-4.861,0,0.115,0.0397,0,0.27,170.079,4,171987,1.6094379124341,-0.339677367570161,-0.585190039054853
"180",181,"Foo Fighters",5.76124071,12,"Everlong",0,164,1,0.413,0.881,11,-5.541,0,0.0367,5.99e-05,0.000308,0.0805,158.066,4,250547,0,-0.884307686021104,-0.126697653045958
"181",182,"Frank Ocean",7.842180179,23,"Lost",1,50,10,0.913,0.603,8,-4.892,1,0.226,0.0272,0.000503,0.167,123.061,4,234093,2.30258509299405,-0.0910193983871685,-0.505838082254952
"182",183,"Future",15.552849123,29,"I'M DAT N****",0,86,1,0.911,0.573,2,-5.573,1,0.163,0.0112,5.83e-05,0.131,144.026,4,271840,0,-0.0932123817221787,-0.556869562267398
"183",184,"Future",15.552849123,29,"GOLD STACKS",0,190,1,0.763,0.526,5,-6.753,0,0.355,0.00937,2.25e-06,0.111,181.856,4,162333,0,-0.27049724769768,-0.642454066244427
"184",185,"Future",15.552849123,29,"712PM",0,61,1,0.711,0.686,5,-6.409,0,0.271,0.0355,0,0.124,146.971,4,173187,0,-0.341082849178896,-0.376877651256252
"185",186,"Future",15.552849123,29,"WAIT FOR U (feat. Drake & Tems)",0,10,15,0.463,0.642,1,-4.474,1,0.34,0.314,0,0.0686,83.389,4,189893,2.70805020110221,-0.770028224895903,-0.443166975292176
"186",187,"Future",15.552849123,29,"I'M ON ONE (feat. Drake)",0,48,2,0.773,0.707,11,-5.71,1,0.0568,0.0103,1.04e-05,0.296,76.977,4,236187,0.693147180559945,-0.257476230394715,-0.346724613085564
"187",188,"Future",15.552849123,29,"PUFFIN ON ZOOTIEZ",0,40,5,0.883,0.657,8,-5.748,1,0.305,0.0603,0,0.128,124.992,4,172933,1.6094379124341,-0.124430078378177,-0.420071260497527
"188",189,"Future",15.552849123,29,"KEEP IT BURNIN (feat. Kanye West)",0,85,1,0.652,0.578,0,-6.187,1,0.161,0.00861,0,0.285,87.395,4,207213,0,-0.427710717055484,-0.54818141030976
"189",190,"Future",15.552849123,29,"Worst Day",0,192,1,0.646,0.597,1,-6.045,1,0.401,0.11,0,0.0958,88.506,4,184893,0,-0.436955775199535,-0.515838165589535
"190",191,"Future",15.552849123,29,"FOR A NUT (feat. Gunna & Young Thug)",0,139,1,0.824,0.667,10,-6.603,0,0.0814,0.00321,2.65e-06,0.0956,82.037,4,207933,0,-0.193584749072665,-0.404965233066513
"191",192,"Future",15.552849123,29,"LOVE YOU BETTER",0,131,1,0.709,0.357,5,-9.289,1,0.214,0.478,0.000294,0.112,75.494,4,129480,0,-0.34389975245001,-1.0300194972025
"192",193,"Future",15.552849123,29,"MASSAGING ME",0,180,1,0.916,0.453,1,-4.148,1,0.158,0.000189,0,0.137,145.007,4,106133,0,-0.0877389143080067,-0.791863153499103
"193",194,"Giveon",1.901077447,4,"Heartbreak Anniversary",0,8,47,0.449,0.465,0,-8.964,1,0.0791,0.524,1.02e-06,0.303,89.087,3,198371,3.85014760171006,-0.800732391239883,-0.765717873394781
"194",195,"Glass Animals",4.554159224,6,"Heat Waves",1,1,65,0.761,0.525,11,-6.9,1,0.0944,0.44,6.7e-06,0.0921,80.87,4,238805,4.17438726989564,-0.273121921120451,-0.644357016390513
"195",196,"Gunna",8.136453038,15,"thought i was playing",0,94,1,0.679,0.73,1,-7.483,1,0.0689,0.00421,0,0.0736,148.038,4,167840,0,-0.387134151423441,-0.3147107448397
"196",197,"Gunna",8.136453038,15,"25k jacket (feat. Lil Baby)",0,141,1,0.903,0.537,5,-6.854,0,0.283,0.16,0,0.129,115.013,4,120000,0,-0.102032725565152,-0.621757184473272
"197",198,"Gunna",8.136453038,15,"mop (feat. Young Thug)",0,160,1,0.878,0.575,9,-8.732,1,0.284,0.00293,0,0.273,144.918,4,185213,0,-0.13010868534702,-0.553385238184787
"198",199,"Gunna",8.136453038,15,"alotta cake",0,146,1,0.895,0.543,11,-6.766,0,0.298,0.181,0,0.12,120.078,4,193987,0,-0.110931560707282,-0.610645959048202
"199",200,"Gunna",8.136453038,15,"pushin P (feat. Young Thug)",0,14,11,0.773,0.422,1,-4.572,0,0.187,0.00783,0.00693,0.129,77.502,1,136267,2.39789527279837,-0.257476230394715,-0.862749964946125
"200",201,"Gunna",8.136453038,15,"P power (feat. Drake)",0,81,1,0.828,0.591,1,-6.217,1,0.109,0.0199,0.000323,0.361,119.251,4,193347,0,-0.188742124596877,-0.525939261576039
"201",202,"Guns N' Roses",6.615411211,10,"Sweet Child O' Mine",0,101,10,0.454,0.91,6,-7.766,1,0.0448,0.0866,0.0996,0.116,125.116,4,354520,2.30258509299405,-0.789658080940789,-0.0943106794712413
"202",203,"Gusttavo Lima",4.938141476,9,"Bloqueado - Ao Vivo",0,106,4,0.828,0.721,1,-4.274,0,0.0558,0.153,0,0.547,129.092,4,168689,1.38629436111989,-0.188742124596877,-0.327116141697188
"203",204,"Halsey",14.151726087,24,"So Good",0,95,1,0.576,0.627,3,-4.649,0,0.0449,0.0385,0,0.181,164.998,4,176059,0,-0.551647618286246,-0.466808738349216
"204",205,"Harry Styles",13.34742067,35,"Daydreaming",0,16,2,0.707,0.811,4,-5.298,0,0.0304,0.311,0.0152,0.131,113.971,4,187342,0.693147180559945,-0.346724613085564,-0.209487224866724
"205",206,"Harry Styles",13.34742067,35,"Boyfriends",0,22,2,0.417,0.202,0,-10.976,1,0.0357,0.935,0,0.108,118.029,4,194544,0.693147180559945,-0.874669057183336,-1.59948758158093
"206",207,"Harry Styles",13.34742067,35,"Keep Driving",0,19,2,0.721,0.479,9,-9.669,1,0.226,0.321,0.00156,0.182,164.948,3,140242,0.693147180559945,-0.327116141697188,-0.736054681571222
"207",208,"Harry Styles",13.34742067,35,"Falling",1,29,81,0.567,0.267,4,-6.502,1,0.0299,0.839,1.46e-06,0.089,110.011,4,240133,4.39444915467244,-0.567395975254385,-1.32050662058189
"208",209,"Harry Styles",13.34742067,35,"Little Freak",1,8,2,0.559,0.535,3,-7.723,1,0.039,0.719,0.000143,0.0954,141.96,4,202183,0.693147180559945,-0.581605805827038,-0.62548853208613
"209",210,"Harry Styles",13.34742067,35,"Golden",0,44,34,0.448,0.838,4,-5.257,0,0.0557,0.21,0.000131,0.131,139.863,4,208907,3.52636052461616,-0.802962046567152,-0.176737178500054
"210",211,"Harry Styles",13.34742067,35,"Sign of the Times",0,14,39,0.516,0.595,5,-4.63,1,0.0313,0.0275,0,0.109,119.972,4,340707,3.66356164612965,-0.661648513500574,-0.519193873436507
"211",212,"Harry Styles",13.34742067,35,"Cinema",0,13,2,0.829,0.644,9,-7.696,0,0.0427,0.354,0.0511,0.0944,105.993,4,243508,0.693147180559945,-0.187535123846842,-0.440056552877783
"212",213,"Harry Styles",13.34742067,35,"Matilda",0,5,12,0.507,0.294,2,-10,1,0.04,0.896,1.97e-05,0.0966,114.199,4,245964,2.484906649788,-0.679244275390954,-1.22417551164346
"213",214,"Harry Styles",13.34742067,35,"Late Night Talking",1,2,12,0.714,0.728,10,-4.595,1,0.0468,0.298,0,0.106,114.996,4,177955,2.484906649788,-0.336872316642553,-0.317454230785451
"214",215,"Harry Styles",13.34742067,35,"Love Of My Life",0,15,2,0.555,0.536,7,-8.233,1,0.0452,0.669,0,0.0623,118.057,4,191638,0.693147180559945,-0.588787165235702,-0.623621117911335
"215",216,"Harry Styles",13.34742067,35,"Grapejuice",0,11,2,0.645,0.721,5,-4.394,1,0.0336,0.357,0.143,0.204,182.928,4,191959,0.693147180559945,-0.438504962186365,-0.327116141697188
"216",217,"Harry Styles",13.34742067,35,"Adore You",0,6,104,0.676,0.771,8,-3.675,1,0.0483,0.0237,7e-06,0.102,99.048,4,207133,4.64439089914137,-0.391562202939173,-0.260066905418808
"217",218,"Harry Styles",13.34742067,35,"Music For a Sushi Restaurant",0,6,12,0.72,0.715,11,-4.652,1,0.04,0.258,0.0568,0.107,107.041,4,193813,2.484906649788,-0.328504066972036,-0.335472736288129
"218",219,"Harry Styles",13.34742067,35,"Daylight",0,10,2,0.686,0.445,0,-7.189,1,0.0398,0.484,0.00144,0.175,145.5,3,164533,0.693147180559945,-0.376877651256252,-0.809680996815897
"220",221,"Harry Styles",13.34742067,35,"As It Was",1,1,19,0.52,0.731,6,-5.338,0,0.0557,0.342,0.00101,0.311,173.93,4,167303,2.94443897916644,-0.653926467406664,-0.313341819232359
"221",222,"Harry Styles",13.34742067,35,"Satellite",0,14,2,0.576,0.457,0,-6.473,1,0.0304,0.143,3.05e-05,0.0917,138.984,4,218577,0.693147180559945,-0.551647618286246,-0.783071888087932
"222",223,"Hozier",5.967126876,14,"Take Me To Church",0,108,75,0.566,0.664,4,-5.303,0,0.0464,0.634,0,0.116,128.945,4,241688,4.31748811353631,-0.569161200778954,-0.409473129505703
"223",224,"Imagine Dragons",21.812218476,41,"Enemy - From the series Arcane League of Legends",0,171,3,0.722,0.745,7,-4.164,1,0.256,0.247,0,0.419,77.029,4,173381,1.09861228866811,-0.325730140089311,-0.294371060602578
"224",225,"Imagine Dragons",21.812218476,41,"Enemy (with JID) - from the series Arcane League of Legends",1,3,21,0.728,0.783,11,-4.424,0,0.266,0.237,0,0.434,77.011,4,173381,3.04452243772342,-0.317454230785451,-0.244622582991334
"225",226,"Imagine Dragons",21.812218476,41,"Bones",0,63,2,0.773,0.742,5,-3.678,0,0.046,0.0206,0,0.0754,114.071,4,165265,0.693147180559945,-0.257476230394715,-0.298406035814757
"226",227,"Imagine Dragons",21.812218476,41,"Sharks",0,111,2,0.927,0.642,10,-4.466,0,0.0657,0.00791,3.62e-05,0.279,123.969,4,190883,0.693147180559945,-0.0758017134162818,-0.443166975292176
"227",228,"Imagine Dragons",21.812218476,41,"Demons",1,194,2,0.505,0.71,3,-3.015,1,0.0321,0.19,0.00025,0.269,89.938,4,177507,0.693147180559945,-0.683196849706777,-0.342490308946776
"229",230,"Imanbek",2.957190912,5,"Belly Dancer",0,77,11,0.845,0.797,1,-4.984,1,0.139,0.0582,5.57e-06,0.167,121.985,4,151475,2.39789527279837,-0.168418651624963,-0.226900600191922
"230",231,"J Balvin",25.892190469,66,"Sigue",0,45,1,0.889,0.641,7,-4.494,1,0.0668,0.0515,2.75e-05,0.19,87.99,4,159387,0,-0.117658043468232,-0.444725822061467
"231",232,"J Balvin",25.892190469,66,"Qué Más Pues?",0,9,34,0.903,0.817,8,-3.972,1,0.095,0.0272,0.000311,0.242,102.014,4,217360,3.52636052461616,-0.102032725565152,-0.202116184122134
"232",233,"J Balvin",25.892190469,66,"LA CANCIÓN",0,17,64,0.754,0.646,7,-5.795,1,0.317,0.152,1.85e-05,0.108,176.089,4,242573,4.15888308335967,-0.282362910974181,-0.436955775199535
"233",234,"J. Cole",14.84985759,39,"No Role Modelz",0,113,35,0.69,0.521,10,-8.492,0,0.339,0.324,0,0.0534,100.028,4,292799,3.55534806148941,-0.371063681390832,-0.65200523722877
"234",235,"Jack Harlow",5.606152807,10,"Churchill Downs (feat. Drake)",0,57,2,0.71,0.522,11,-9.102,1,0.36,0.615,0,0.11,96.448,4,309327,0.693147180559945,-0.342490308946776,-0.650087691099498
"235",236,"Jack Harlow",5.606152807,10,"Nail Tech",0,36,5,0.677,0.557,1,-8.409,1,0.0694,0.00508,8.36e-06,0.0984,150.127,4,206385,1.6094379124341,-0.390084006069862,-0.585190039054853
"236",237,"Jack Harlow",5.606152807,10,"First Class",1,2,18,0.902,0.582,5,-5.902,0,0.109,0.111,3.18e-06,0.111,107.005,4,173948,2.89037175789616,-0.103140758919513,-0.541284831250699
"237",238,"Jack Harlow",5.606152807,10,"I'd Do Anything To Make You Smile",0,187,1,0.832,0.522,2,-7.244,1,0.05,0.012,0.079,0.377,150.044,4,193765,0,-0.183922838160928,-0.650087691099498
"238",239,"Jack Harlow",5.606152807,10,"Dua Lipa",0,37,4,0.833,0.652,11,-6.942,1,0.0762,0.00161,0.0985,0.106,158.022,4,135053,1.38629436111989,-0.182721636815294,-0.427710717055484
"240",241,"Jason Derulo",11.262694386,28,"Acapulco",0,90,15,0.774,0.792,10,-4.021,1,0.0523,0.051,0,0.155,122.062,4,139672,2.70805020110221,-0.25618340539241,-0.233193887167711
"241",242,"Jax Jones",3.080700501,12,"Where Did You Go? (feat. MNEK)",0,116,7,0.763,0.782,7,-4.541,0,0.0346,0.182,7.08e-06,0.293,127.034,4,177689,1.94591014905531,-0.27049724769768,-0.245900538436826
"242",243,"Jhay Cortez",6.170553828,11,"Ley Seca",0,44,20,0.759,0.842,8,-3.758,1,0.096,0.101,0,0.134,105.059,4,263253,2.99573227355399,-0.275753501586507,-0.17197526473981
"243",244,"Joel Corry",2.415759211,5,"OUT OUT (feat. Charli XCX & Saweetie)",0,42,21,0.787,0.833,8,-4.403,1,0.0478,0.018,0.00747,0.0374,123.97,4,162604,3.04452243772342,-0.239527030564734,-0.182721636815294
"245",246,"Joji",6.150774573,17,"SLOW DANCING IN THE DARK",0,75,36,0.515,0.479,3,-7.458,1,0.0261,0.544,0.00598,0.191,88.964,4,209274,3.58351893845611,-0.663588378318401,-0.736054681571222
"246",247,"Joji",6.150774573,17,"Glimpse of Us",1,1,9,0.44,0.317,8,-9.258,1,0.0531,0.891,4.78e-06,0.141,169.914,3,233456,2.19722457733622,-0.82098055206983,-1.14885350510486
"247",248,"Jorge & Mateus",5.486263204,11,"Molhando o Volante",0,186,2,0.772,0.647,10,-5.404,1,0.0758,0.707,0,0.113,130.183,5,162539,0.693147180559945,-0.258770728957361,-0.435408984481236
"248",249,"Juice WRLD",23.114066243,60,"Sometimes",0,77,1,0.674,0.58,8,-4.866,1,0.0311,0.0609,0,0.159,121.987,4,259672,0,-0.39452516806983,-0.544727175441672
"249",250,"Juice WRLD",23.114066243,60,"Cigarettes",0,27,1,0.597,0.615,2,-6.346,1,0.0421,0.0303,0,0.378,160.014,4,227527,0,-0.515838165589535,-0.486133011175619
"251",252,"Justin Bieber",32.465998885,58,"Honest (feat. Don Toliver)",0,29,4,0.81,0.655,8,-6.779,0,0.0698,0.127,8.16e-05,0.105,150.002,4,193322,1.38629436111989,-0.210721031315653,-0.423120043346885
"252",253,"Justin Bieber",32.465998885,58,"Ghost",0,11,27,0.601,0.741,2,-5.569,1,0.0478,0.185,2.91e-05,0.415,153.96,4,153190,3.29583686600433,-0.509160344446929,-0.29975465368605
"253",254,"Justin Bieber",32.465998885,58,"Love Yourself",0,62,50,0.609,0.378,4,-9.828,1,0.438,0.835,0,0.28,100.418,4,233720,3.91202300542815,-0.49593701127224,-0.972861083362549
"254",255,"Justin Bieber",32.465998885,58,"Peaches (feat. Daniel Caesar & Giveon)",1,1,53,0.677,0.696,0,-6.181,1,0.119,0.321,0,0.42,90.03,4,198082,3.97029191355212,-0.390084006069862,-0.362405618647717
"255",256,"Kanye West",25.535119184,63,"True Love",0,24,1,0.712,0.861,5,-5.487,0,0.25,0.0182,6.09e-06,0.511,84.042,4,148571,0,-0.339677367570161,-0.149660774554406
"256",257,"Kanye West",25.535119184,63,"Heartless",0,198,1,0.79,0.647,10,-5.983,0,0.136,0.0515,0,0.248,87.999,4,211000,0,-0.23572233352107,-0.435408984481236
"257",258,"Kanye West",25.535119184,63,"Praise God",0,16,19,0.798,0.545,1,-6.466,1,0.168,0.00904,9.48e-05,0.258,118.029,4,226653,2.94443897916644,-0.225646681532328,-0.606969484318893
"258",259,"KAROL G",11.17737704,29,"PROVENZA",0,6,16,0.87,0.516,1,-8.006,1,0.0541,0.656,0.00823,0.11,111.005,4,210200,2.77258872223978,-0.139262067333508,-0.661648513500574
"259",260,"Kehlani",4.361626721,10,"up at night (feat. justin bieber)",0,131,1,0.563,0.756,0,-3.852,0,0.0579,0.196,0,0.245,100.012,4,182227,0,-0.574475650842447,-0.279713902802604
"260",261,"Kendrick Lamar",17.650726013,41,"Savior",0,29,2,0.605,0.692,8,-7.45,1,0.446,0.495,0,0.303,124.84,5,224466,0.693147180559945,-0.502526820951296,-0.368169323364468
"261",262,"Kendrick Lamar",17.650726013,41,"Rich Spirit",0,17,3,0.852,0.421,10,-9.153,0,0.208,0.428,2.28e-06,0.106,95.977,4,202285,1.09861228866811,-0.160168752152821,-0.865122445299756
"262",263,"Kendrick Lamar",17.650726013,41,"Mirror",0,76,1,0.652,0.67,2,-8.766,1,0.0639,0.225,1.4e-05,0.0804,91.933,4,256008,0,-0.427710717055484,-0.400477566597125
"263",264,"Kendrick Lamar",17.650726013,41,"Father Time (feat. Sampha)",0,14,2,0.514,0.779,10,-4.365,0,0.344,0.181,0,0.099,152.869,4,222497,0.693147180559945,-0.665532013526972,-0.249744233111389
"264",265,"Kendrick Lamar",17.650726013,41,"United In Grief",0,11,3,0.529,0.845,8,-8.142,1,0.404,0.244,0,0.143,85.63,3,255378,1.09861228866811,-0.636766847123838,-0.168418651624963
"265",266,"Kendrick Lamar",17.650726013,41,"Silent Hill",0,21,3,0.907,0.577,1,-6.737,0,0.0767,0.438,3.19e-05,0.137,140.07,4,220779,1.09861228866811,-0.0976128288670004,-0.549913012474038
"266",267,"Kendrick Lamar",17.650726013,41,"Auntie Diaries",0,61,1,0.52,0.375,0,-13.409,1,0.358,0.745,0.0122,0.429,127.544,5,281070,0,-0.653926467406664,-0.980829253011726
"267",268,"Kendrick Lamar",17.650726013,41,"Mr. Morale",0,53,1,0.727,0.53,9,-8.616,1,0.312,0.283,2.76e-05,0.392,174.025,3,210841,0,-0.318828801448618,-0.63487827243597
"268",269,"Kendrick Lamar",17.650726013,41,"Savior - Interlude",0,73,1,0.618,0.43,5,-9.38,0,0.216,0.807,0,0.189,117.125,4,152986,0,-0.481266821524446,-0.843970070294529
"269",270,"Kendrick Lamar",17.650726013,41,"Die Hard",0,8,3,0.775,0.736,1,-8.072,0,0.247,0.319,0.00116,0.127,100.988,4,239027,1.09861228866811,-0.25489224962879,-0.306525160253261
"271",272,"Kendrick Lamar",17.650726013,41,"HUMBLE.",0,1,96,0.908,0.621,1,-6.638,0,0.102,0.000282,5.39e-05,0.0958,150.011,4,177000,4.56434819146784,-0.0965109003808437,-0.476424197048658
"272",273,"Kendrick Lamar",17.650726013,41,"Mother I Sober (feat. Beth Gibbons of Portishead)",0,79,1,0.492,0.369,8,-14.861,0,0.329,0.87,2.85e-05,0.11,140.012,4,406528,0,-0.709276562489829,-0.99695863494161
"273",274,"Kendrick Lamar",17.650726013,41,"Worldwide Steppers",0,20,1,0.514,0.472,8,-11.106,0,0.368,0.753,0.00012,0.0746,77.215,3,203367,0,-0.665532013526972,-0.750776293396582
"274",275,"Kendrick Lamar",17.650726013,41,"N95",0,3,3,0.79,0.67,1,-5.527,1,0.105,0.377,2.32e-06,0.119,139.956,4,195950,1.09861228866811,-0.23572233352107,-0.400477566597125
"275",276,"Kendrick Lamar",17.650726013,41,"Money Trees",0,143,8,0.716,0.531,7,-7.355,1,0.122,0.0703,0,0.224,71.994,4,386907,2.07944154167984,-0.334075112021491,-0.632993257740198
"276",277,"Kendrick Lamar",17.650726013,41,"Count Me Out",0,24,2,0.776,0.431,4,-7.544,0,0.091,0.671,0,0.153,133.999,4,283642,0.693147180559945,-0.253602758798918,-0.841647188878389
"277",278,"Kendrick Lamar",17.650726013,41,"We Cry Together",0,22,2,0.648,0.68,11,-7.276,1,0.345,0.292,0,0.0808,106.89,3,341307,0.693147180559945,-0.433864582629862,-0.385662480811985
"278",279,"Kendrick Lamar",17.650726013,41,"Purple Hearts",0,27,1,0.567,0.824,3,-6.973,0,0.296,0.167,2.65e-06,0.149,138.202,4,329295,0,-0.567395975254385,-0.193584749072665
"279",280,"Kendrick Lamar",17.650726013,41,"Rich - Interlude",0,41,1,0.481,0.406,7,-11.52,1,0.0775,0.864,0.000315,0.0869,91.589,4,103319,0,-0.731888008876376,-0.901402119380404
"280",281,"Kendrick Lamar",17.650726013,41,"The Heart Part 5",0,44,2,0.7,0.812,1,-8.128,0,0.297,0.183,0,0.0756,97.405,4,332229,0.693147180559945,-0.356674943938732,-0.208254938820459
"281",282,"Kevin Gates",4.359021971,6,"Thinking with My Dick (feat. Juicy J)",0,128,2,0.77,0.699,0,-6.59,1,0.199,0.0596,1.65e-05,0.17,81.003,4,165315,0.693147180559945,-0.261364764134408,-0.358104536748327
"282",283,"King Von",1.557609173,3,"Don't Play That",0,144,1,0.947,0.605,10,-8.621,0,0.346,0.0748,7.54e-06,0.0901,129.988,4,133613,0,-0.0544561857960589,-0.502526820951296
"283",284,"Kodak Black",7.853951418,16,"Super Gremlin",0,45,15,0.825,0.414,2,-6.634,1,0.144,0.00265,0,0.357,72.993,4,200548,2.70805020110221,-0.192371892647456,-0.881889305156823
"284",285,"La Adictiva Banda San José de Mesillas",1.695830013,4,"JGL",0,173,1,0.702,0.586,8,-5.317,1,0.118,0.55,0,0.27,112.852,4,158093,0,-0.353821874956326,-0.534435489405125
"285",286,"Labrinth",5.408385063,14,"Mount Everest",0,36,7,0.494,0.428,0,-7.239,0,0.205,0.236,0.0698,0.0816,87.724,4,157497,1.94591014905531,-0.705219761794215,-0.84863208340034
"286",287,"Labrinth",5.408385063,14,"Forever",1,185,1,0.563,0.459,4,-7.781,0,0.0292,0.92,0.724,0.11,79.983,4,202536,0,-0.574475650842447,-0.778705068921592
"288",289,"Labrinth",5.408385063,14,"Formula",0,68,10,0.574,0.664,11,-6.068,1,0.0409,0.0448,0.0553,0.146,144.654,4,91870,2.30258509299405,-0.555125882662571,-0.409473129505703
"290",291,"Labrinth",5.408385063,14,"All For Us",0,43,11,0.46,0.66,3,-6.642,1,0.0652,0.0108,0.000139,0.34,141.722,4,191710,2.39789527279837,-0.776528789498996,-0.415515443961666
"292",293,"Labrinth",5.408385063,14,"When I R.I.P.",0,192,1,0.417,0.551,8,-6.456,0,0.174,0.73,0.00166,0.0907,87.614,4,174568,0,-0.874669057183336,-0.596020469829223
"293",294,"Lady Gaga",14.897662581,27,"Hold My Hand",0,110,10,0.53,0.612,7,-4.286,1,0.0331,0.0403,0,0.393,148.009,3,225280,2.30258509299405,-0.63487827243597,-0.491022996469811
"295",296,"Lana Del Rey",12.457976768,37,"Summertime Sadness",0,122,3,0.568,0.646,1,-6.793,0,0.0332,0.0464,0,0.121,111.945,4,264773,1.09861228866811,-0.565633860260986,-0.436955775199535
"296",297,"Lana Del Rey",12.457976768,37,"Watercolor Eyes - From “Euphoria” An HBO Original Series",0,90,1,0.444,0.26,7,-10.045,1,0.0316,0.964,0.0815,0.125,120.443,4,211613,0,-0.811930716549912,-1.34707364796661
"299",300,"Lil Baby",9.670090585,21,"Right On",0,103,1,0.535,0.618,2,-5.668,1,0.382,0.0245,0,0.103,165.991,4,213976,0,-0.62548853208613,-0.481266821524446
"300",301,"Lil Nas X",8.778149366,11,"INDUSTRY BABY (feat. Jack Harlow)",1,2,35,0.741,0.691,10,-7.395,0,0.0672,0.0221,0,0.0476,150.087,4,212353,3.55534806148941,-0.29975465368605,-0.369615455214467
"301",302,"Lil Nas X",8.778149366,11,"THATS WHAT I WANT",1,3,27,0.737,0.846,1,-4.51,0,0.22,0.00614,0,0.0486,87.981,4,143901,3.29583686600433,-0.3051673867928,-0.167235919375914
"302",303,"Lil Nas X",8.778149366,11,"MONTERO (Call Me By Your Name)",1,1,52,0.593,0.503,8,-6.725,0,0.22,0.293,0,0.405,178.781,4,137704,3.95124371858143,-0.522560879984412,-0.687165108882398
"303",304,"Lil Nas X",8.778149366,11,"Late To Da Party (F*CK BET) (feat. YoungBoy Never Broke Again)",0,86,1,0.872,0.422,1,-7.415,0,0.363,0.0254,0,0.109,149.956,4,180666,0,-0.136965855073157,-0.862749964946125
"304",305,"Lil Tjay",4.313086274,11,"In My Head",0,30,1,0.684,0.545,1,-6.885,1,0.121,0.159,0,0.102,143.049,4,135264,0,-0.379797361359587,-0.606969484318893
"305",306,"Lizzo",3.911061177,8,"About Damn Time",1,9,15,0.836,0.743,10,-6.305,0,0.0653,0.0974,0,0.335,108.965,4,191938,2.70805020110221,-0.179126665897435,-0.297059234264378
"306",307,"Lizzo",3.911061177,8,"2 Be Loved (Am I Ready)",0,167,1,0.721,0.769,7,-4.111,1,0.105,0.0922,0,0.0817,155.932,4,187108,0,-0.327116141697188,-0.262664309476493
"307",308,"Lord Huron",2.147142104,3,"The Night We Met",0,55,29,0.544,0.369,2,-9.514,1,0.038,0.969,0.279,0.639,87.01,3,208212,3.36729582998647,-0.608806032126194,-0.99695863494161
"308",309,"Lost Frequencies",3.556401142,10,"Where Are You Now",0,18,29,0.671,0.636,6,-8.117,0,0.103,0.515,0.000411,0.172,120.966,4,148197,3.36729582998647,-0.398986142010455,-0.452556715642015
"309",310,"Luan Santana",2.430000476,4,"ABALO EMOCIONAL - Ao Vivo",0,194,1,0.441,0.915,3,-4.096,0,0.112,0.306,0,0.252,185.936,4,153226,0,-0.818710403535291,-0.0888312137066157
"310",311,"Luciano",2.526245631,0,"Beautiful Girl",0,59,5,0.839,0.412,11,-8.816,0,0.0935,0.287,0.000796,0.101,139.901,4,179187,1.6094379124341,-0.175544572514931,-0.886731929632611
"311",312,"Luísa Sonza",2.068349876,5,"CACHORRINHAS",0,109,2,0.709,0.696,8,-4.837,0,0.275,0.16,0,0.248,98.119,4,134937,0.693147180559945,-0.34389975245001,-0.362405618647717
"312",313,"Luke Combs",5.890199848,15,"The Kind of Love We Make",0,194,1,0.608,0.745,1,-4.13,1,0.0277,0.0226,6.47e-06,0.0942,102.025,4,224427,0,-0.49758039701597,-0.294371060602578
"313",314,"Mac Miller",9.187372325,21,"Love Lost",1,175,1,0.735,0.812,2,-4.417,1,0.151,0.528,0,0.186,109.835,4,162876,0,-0.3078847797693,-0.208254938820459
"314",315,"Machine Gun Kelly",7.175506952,14,"make up sex (feat. blackbear)",0,91,1,0.665,0.678,5,-4.122,0,0.0315,0.00156,0,0.474,131.986,4,122570,0,-0.407968238326283,-0.388607991041741
"315",316,"Machine Gun Kelly",7.175506952,14,"maybe (feat. Bring Me The Horizon)",0,72,1,0.522,0.922,5,-4.805,0,0.0616,0.000745,0,0.0976,176.105,4,170134,0,-0.650087691099498,-0.0812100554255432
"316",317,"Machine Gun Kelly",7.175506952,14,"ay! (feat. Lil Wayne)",0,114,1,0.741,0.616,2,-6.686,1,0.034,0.052,5.86e-05,0.0705,147.008,4,124188,0,-0.29975465368605,-0.484508315448617
"317",318,"Machine Gun Kelly",7.175506952,14,"emo girl (feat. WILLOW)",0,111,2,0.412,0.881,2,-3.502,1,0.087,0.00039,5.82e-05,0.923,165.012,4,159096,0.693147180559945,-0.886731929632611,-0.126697653045958
"318",319,"Macklemore & Ryan Lewis",4.290529937,6,"Can't Hold Us (feat. Ray Dalton)",0,149,22,0.633,0.927,2,-4.468,1,0.0839,0.0267,0,0.0986,146.097,4,258432,3.09104245335832,-0.457284856837961,-0.0758017134162818
"319",320,"Maluma",13.55146948,34,"Sobrio",0,41,28,0.762,0.77,5,-2.758,1,0.223,0.138,0,0.15,177.998,4,201181,3.3322045101752,-0.271808723295491,-0.261364764134408
"320",321,"Måneskin",3.603994073,7,"I WANNA BE YOUR SLAVE",0,8,35,0.75,0.608,1,-4.008,1,0.0387,0.00165,0,0.178,132.507,4,173347,3.55534806148941,-0.287682072451781,-0.49758039701597
"321",322,"Måneskin",3.603994073,7,"SUPERMODEL",0,89,3,0.636,0.876,7,-3.413,1,0.0555,0.00164,0,0.117,120.983,4,148064,1.09861228866811,-0.452556715642015,-0.132389188045746
"322",323,"Måneskin",3.603994073,7,"Beggin'",1,1,42,0.714,0.8,11,-4.808,0,0.0504,0.127,0,0.359,134.002,4,211560,3.73766961828337,-0.336872316642553,-0.22314355131421
"323",324,"Manuel Turizo",5.610907877,17,"La Bachata",0,13,6,0.835,0.679,7,-5.329,0,0.0364,0.583,1.98e-06,0.218,124.98,4,162638,1.79175946922805,-0.180323554131282,-0.387134151423441
"324",325,"Marília Mendonça",6.909001088,23,"Esqueça-Me Se For Capaz",0,67,11,0.799,0.685,6,-5.366,0,0.0725,0.276,0,0.13,122.013,4,169059,2.39789527279837,-0.224394333215862,-0.378336440719912
"325",326,"Marília Mendonça",6.909001088,23,"Te Amo Demais",0,177,1,0.713,0.625,0,-3.473,1,0.0268,0.573,0,0.11,114.023,4,205685,0,-0.338273858567841,-0.470003629245736
"326",327,"Maroon 5",19.952566778,31,"Payphone",1,136,14,0.743,0.752,4,-4.813,1,0.0414,0.0188,0,0.287,110.015,4,231173,2.63905732961526,-0.297059234264378,-0.285018955032297
"328",329,"Marshmello",13.049327287,19,"Numb",0,114,9,0.912,0.774,0,-4.673,0,0.0455,0.121,0.0127,0.101,119.966,4,155589,2.19722457733622,-0.0921152889078056,-0.25618340539241
"329",330,"Marshmello",13.049327287,19,"Leave Before You Love Me (with Jonas Brothers)",0,52,30,0.721,0.738,7,-4.77,1,0.0403,0.00226,4.41e-06,0.118,119.976,4,154983,3.40119738166216,-0.327116141697188,-0.303811454381665
"330",331,"Matuê",1.805676631,6,"Vampiro",0,82,1,0.782,0.643,8,-4.956,0,0.0438,0.0136,0,0.0654,114.994,4,250435,0,-0.245900538436826,-0.441610554744518
"331",332,"Megan Thee Stallion",5.274621614,12,"Sweetest Pie",0,17,2,0.814,0.628,7,-7.178,1,0.221,0.167,0,0.101,123.977,4,201334,0.693147180559945,-0.205794912979597,-0.465215112513938
"332",333,"Metallica",8.890283866,16,"Master Of Puppets",0,20,6,0.543,0.836,4,-9.11,0,0.0353,0.000647,0.431,0.153,105.173,4,515387,1.79175946922805,-0.610645959048202,-0.179126665897435
"333",334,"Mora",1.805158864,2,"TUS LÁGRIMAS",0,93,6,0.683,0.714,1,-4.898,1,0.252,0.181,1e-06,0.111,173.963,4,174483,1.79175946922805,-0.381260419411347,-0.336872316642553
"334",335,"Mora",1.805158864,2,"Volando - Remix",0,19,37,0.659,0.688,6,-4.649,1,0.0673,0.207,0,0.113,153.979,4,273474,3.61091791264422,-0.41703174447963,-0.373966441048793
"335",336,"Mora",1.805158864,2,"LA INOCENTE",0,121,6,0.757,0.789,5,-3.46,0,0.0583,0.307,0,0.0717,91.911,4,202174,1.79175946922805,-0.278392025544688,-0.236988958136263
"336",337,"Morat",4.919640815,15,"París",0,130,2,0.582,0.804,11,-4.155,1,0.0389,0.0493,0,0.0624,138.014,4,182188,0.693147180559945,-0.541284831250699,-0.218156009803171
"337",338,"Morgan Wallen",5.345429164,17,"You Proof",0,91,2,0.731,0.85,9,-4.913,1,0.0336,0.252,0,0.605,119.706,4,157478,0.693147180559945,-0.313341819232359,-0.162518929497775
"338",339,"Morgan Wallen",5.345429164,17,"Don't Think Jesus",0,96,1,0.578,0.431,2,-7.034,1,0.0269,0.469,0,0.137,116.979,3,226975,0,-0.54818141030976,-0.841647188878389
"339",340,"Morgan Wallen",5.345429164,17,"Thought You Should Know",0,123,1,0.529,0.695,6,-6.174,1,0.0278,0.488,1.24e-05,0.142,139.993,4,215572,0,-0.636766847123838,-0.363843433417345
"341",342,"NAV",4.08849928,10,"Never Sleep (with Lil Baby feat. Travis Scott)",0,101,2,0.819,0.651,1,-5.829,1,0.169,0.00639,0,0.122,139.957,4,185786,0.693147180559945,-0.199671195129068,-0.429245636773568
"342",343,"Nicki Minaj",14.744100678,35,"Bussin",0,122,1,0.893,0.699,11,-8.059,1,0.0517,0.0576,3.02e-06,0.128,139.972,4,136761,0,-0.113168698105638,-0.358104536748327
"343",344,"Nicki Minaj",14.744100678,35,"Do We Have A Problem?",0,48,1,0.842,0.505,1,-8.627,0,0.402,0.472,0.000322,0.117,119.993,4,207065,0,-0.17197526473981,-0.683196849706777
"344",345,"Nicki Minaj",14.744100678,35,"Super Freaky Girl",0,16,1,0.95,0.891,2,-2.653,1,0.241,0.0645,1.77e-05,0.309,133.01,4,170977,0,-0.0512932943875506,-0.115410851511328
"345",346,"NIKI",1.42292085,4,"Every Summertime",0,124,2,0.628,0.676,6,-4.227,1,0.0424,0.393,6.94e-05,0.0978,78.996,4,215687,0.693147180559945,-0.465215112513938,-0.391562202939173
"346",347,"Nio Garcia",3.960430779,7,"AM Remix",0,14,30,0.743,0.655,6,-5.015,0,0.159,0.114,0,0.0764,172.031,4,261335,3.40119738166216,-0.297059234264378,-0.423120043346885
"347",348,"Nirvana",7.295132559,14,"Smells Like Teen Spirit",0,109,63,0.489,0.918,1,-4.502,1,0.0554,3.53e-05,7.64e-05,0.0908,116.731,4,300893,4.14313472639153,-0.715392789507265,-0.0855578883616465
"348",349,"Nirvana",7.295132559,14,"Something In The Way",0,19,3,0.426,0.225,8,-12.422,1,0.0291,0.823,0.367,0.11,104.506,4,232204,1.09861228866811,-0.853315932712767,-1.49165487677772
"349",350,"Oliver Tree",1.839830515,4,"Life Goes On",1,15,20,0.7,0.49,0,-5.187,1,0.076,0.186,0,0.117,79.982,4,161803,2.99573227355399,-0.356674943938732,-0.713349887877465
"353",354,"Olivia Rodrigo",8.954631138,13,"deja vu",0,3,51,0.442,0.612,2,-7.222,1,0.112,0.584,5.7e-06,0.37,180.917,4,215507,3.93182563272433,-0.816445396904439,-0.491022996469811
"354",355,"Olivia Rodrigo",8.954631138,13,"jealousy, jealousy",0,17,29,0.695,0.575,10,-6.334,0,0.116,0.198,0,0.0614,163.929,4,173160,3.36729582998647,-0.363843433417345,-0.553385238184787
"355",356,"Olivia Rodrigo",8.954631138,13,"drivers license",1,1,63,0.561,0.431,10,-8.81,1,0.0578,0.768,1.42e-05,0.106,143.875,4,242013,4.14313472639153,-0.578034373459441,-0.841647188878389
"356",357,"Olivia Rodrigo",8.954631138,13,"good 4 u",1,1,45,0.563,0.664,9,-5.044,1,0.154,0.335,0,0.0849,166.928,4,178147,3.80666248977032,-0.574475650842447,-0.409473129505703
"357",358,"One Direction",15.499795436,45,"Night Changes",0,111,11,0.672,0.52,8,-7.747,1,0.0353,0.859,0,0.115,120.001,4,226600,2.39789527279837,-0.397496938458987,-0.653926467406664
"358",359,"OneRepublic",9.926540057,27,"I Ain't Worried",0,13,10,0.704,0.797,0,-5.927,1,0.0475,0.0826,0.000745,0.0546,139.994,4,148486,2.30258509299405,-0.350976922824095,-0.226900600191922
"359",360,"OneRepublic",9.926540057,27,"Counting Stars",1,117,54,0.664,0.705,1,-4.972,0,0.0382,0.0654,0,0.118,122.016,4,257267,3.98898404656427,-0.409473129505703,-0.349557476169868
"360",361,"Panic! At The Disco",9.10744645,20,"House of Memories",1,64,16,0.506,0.817,11,-5.051,0,0.0335,0.00272,0,0.0486,109.952,4,208707,2.77258872223978,-0.681218609694672,-0.202116184122134
"361",362,"Paulo Londra",5.40873914,16,"Plan A",0,106,1,0.583,0.834,0,-4.875,1,0.0444,0.0495,0,0.0658,173.935,4,178203,0,-0.539568092631645,-0.18152187662339
"362",363,"Paulo Londra",5.40873914,16,"Chance",0,56,1,0.721,0.463,1,-9.483,0,0.0646,0.241,0,0.0929,137.915,3,204003,0,-0.327116141697188,-0.770028224895903
"363",364,"Pharrell Williams",2.077074226,3,"Just a Cloud Away",0,165,1,0.888,0.459,2,-8.154,1,0.0357,0.426,0,0.11,112.56,3,176078,0,-0.118783535989967,-0.778705068921592
"364",365,"Pharrell Williams",2.077074226,3,"Just A Cloud Away",0,115,2,0.89,0.46,2,-8.155,1,0.0359,0.432,0,0.11,112.555,3,176078,0.693147180559945,-0.116533816255952,-0.776528789498996
"365",366,"Pharrell Williams",2.077074226,3,"Cash In Cash Out",0,53,1,0.877,0.56,7,-3.751,1,0.0596,0.00721,1.45e-06,0.0839,119.971,4,216136,0,-0.131248286609954,-0.579818495252942
"366",367,"Playboi Carti",5.756121719,14,"Sky",0,113,14,0.785,0.903,2,-4.184,1,0.21,0.258,0,0.169,139.98,4,193234,2.63905732961526,-0.242071561199729,-0.102032725565152
"367",368,"Polo G",6.136158071,14,"RAPSTAR",1,3,40,0.789,0.536,6,-6.862,1,0.242,0.41,0,0.129,81.039,4,165926,3.68887945411394,-0.236988958136263,-0.623621117911335
"368",369,"Polo G",6.136158071,14,"Distraction",0,121,1,0.713,0.689,11,-5.99,1,0.255,0.16,0,0.136,156.934,4,171319,0,-0.338273858567841,-0.372514007968479
"369",370,"Post Malone",29.832277109,57,"I Like You (A Happier Song) (with Doja Cat)",0,10,10,0.733,0.67,5,-6.009,1,0.0751,0.121,0,0.121,100.964,4,192841,2.30258509299405,-0.310609577095486,-0.400477566597125
"371",372,"Post Malone",29.832277109,57,"Love/Hate Letter To Alcohol (with Fleet Foxes)",0,115,1,0.475,0.569,4,-7.073,0,0.0343,0.037,0.00129,0.232,108.007,4,183816,0,-0.744440474947496,-0.563874844855806
"373",374,"Post Malone",29.832277109,57,"Cooped Up (with Roddy Ricch)",1,18,13,0.669,0.773,0,-5.619,1,0.153,0.038,0,0.113,93.923,4,185857,2.56494935746154,-0.401971218853909,-0.257476230394715
"374",375,"Post Malone",29.832277109,57,"When I’m Alone",0,177,1,0.485,0.656,10,-6.121,0,0.0528,0.0346,0,0.155,140.107,4,195111,0,-0.723606388044654,-0.421594490038048
"375",376,"Post Malone",29.832277109,57,"Wasting Angels (with The Kid LAROI)",0,75,1,0.583,0.43,9,-7.748,1,0.0353,0.801,0,0.0867,84.967,4,243158,0,-0.539568092631645,-0.843970070294529
"376",377,"Post Malone",29.832277109,57,"One Right Now (with The Weeknd)",0,9,20,0.687,0.781,1,-4.806,1,0.053,0.0361,0,0.0755,97.014,4,193507,2.99573227355399,-0.375420986759788,-0.247180129142451
"377",378,"Post Malone",29.832277109,57,"I Cannot Be (A Sadder Song) (with Gunna)",0,86,1,0.517,0.668,1,-6.012,1,0.116,0.0712,0,0.407,79.782,4,169824,0,-0.659712404473708,-0.403467105445491
"380",381,"Post Malone",29.832277109,57,"Wrapped Around Your Finger",0,69,1,0.744,0.628,2,-5.435,1,0.0287,0.0493,0,0.317,119.966,4,193565,0,-0.295714244149045,-0.465215112513938
"381",382,"Post Malone",29.832277109,57,"Insane",0,97,1,0.645,0.671,10,-7.208,0,0.0459,0.0597,8e-06,0.11,82.546,4,169661,0,-0.438504962186365,-0.398986142010455
"382",383,"Post Malone",29.832277109,57,"Lemon Tree",0,71,1,0.611,0.584,11,-6.897,0,0.0301,0.083,0,0.432,116.106,4,243486,0,-0.492658319810542,-0.53785429615391
"383",384,"Pusha T",1.530816646,2,"Scrape It Off (feat. Lil Uzi Vert & Don Toliver)",0,184,1,0.594,0.679,7,-3.702,1,0.345,0.484,7.83e-06,0.114,106.726,5,152613,0,-0.520875959619492,-0.387134151423441
"385",386,"Rauw Alejandro",12.91408897,34,"Cúrame",0,35,26,0.765,0.625,9,-3.599,0,0.0548,0.584,0.00111,0.112,102.101,4,164706,3.25809653802148,-0.267879445155601,-0.470003629245736
"386",387,"Rauw Alejandro",12.91408897,34,"Desesperados",0,8,15,0.869,0.694,1,-3.35,0,0.0783,0.356,0.00125,0.0878,90.02,4,224997,2.70805020110221,-0.140412153716745,-0.365283318475333
"387",388,"Rauw Alejandro",12.91408897,34,"LOKERA",0,95,1,0.834,0.828,11,-2.657,0,0.0452,0.21,5.91e-06,0.103,102.019,4,195294,0,-0.18152187662339,-0.188742124596877
"388",389,"Rauw Alejandro",12.91408897,34,"Todo De Ti",1,2,44,0.78,0.719,3,-3.613,0,0.0506,0.302,0.000196,0.0931,127.962,4,199604,3.78418963391826,-0.2484613592985,-0.32989392126109
"389",390,"Red Hot Chili Peppers",11.005993478,17,"Black Summer",0,79,1,0.417,0.682,1,-5.071,1,0.0295,0.0267,0.000669,0.109,105.542,4,232412,0,-0.874669057183336,-0.382725621138675
"390",391,"Red Velvet",2.293993571,5,"Feel My Rhythm",0,114,1,0.412,0.94,1,-2.171,1,0.215,0.0648,0,0.358,157.964,4,210253,0,-0.886731929632611,-0.0618754037180875
"391",392,"Rels B",3.327775726,5,"cómo dormiste?",0,53,1,0.627,0.429,1,-8.255,1,0.234,0.238,0,0.122,126.426,5,112572,0,-0.466808738349216,-0.84629836005412
"392",393,"Rex Orange County",3.678846424,8,"THE SHADE",0,161,3,0.898,0.509,5,-7.973,1,0.062,0.391,0,0.0876,119.869,4,181507,1.09861228866811,-0.107585210679937,-0.675307262431614
"393",394,"ROSALÍA",3.871106303,8,"HENTAI",0,186,1,0.583,0.297,7,-11.273,0,0.406,0.879,0,0.127,124.279,3,162907,0,-0.539568092631645,-1.21402314017944
"394",395,"ROSALÍA",3.871106303,8,"DESPECHÁ",0,6,2,0.919,0.623,7,-6.521,1,0.0992,0.184,1.63e-05,0.0609,130.037,4,157018,0.693147180559945,-0.08446915662645,-0.473208760194684
"395",396,"ROSALÍA",3.871106303,8,"LA FAMA (with The Weeknd)",0,32,15,0.766,0.295,0,-7.893,0,0.0464,0.947,4.44e-05,0.119,136.016,4,188107,2.70805020110221,-0.266573109241546,-1.22077992264232
"396",397,"ROSALÍA",3.871106303,8,"CHICKEN TERIYAKI",0,152,1,0.788,0.4,2,-6.454,1,0.115,0.454,0.000141,0.0686,97.936,4,122227,0,-0.238257189124258,-0.916290731874155
"397",398,"ROSALÍA",3.871106303,8,"BIZCOCHITO",0,180,1,0.93,0.774,1,-4.203,1,0.0744,0.605,0.0238,0.12,116.972,4,109120,0,-0.0725706928348354,-0.25618340539241
"398",399,"ROSALÍA",3.871106303,8,"CANDY",0,44,1,0.638,0.49,4,-5.726,0,0.226,0.885,0.0116,0.156,179.905,4,193480,0,-0.449416995637347,-0.713349887877465
"399",400,"ROSALÍA",3.871106303,8,"SAOKO",0,80,2,0.827,0.768,0,-5.702,1,0.265,0.79,2.45e-05,0.497,99.988,4,137533,0.693147180559945,-0.189950583958446,-0.263965545834465
"400",401,"Russ",6.409448257,14,"Are You Entertained (feat. Ed Sheeran)",0,60,1,0.587,0.61,10,-6.881,0,0.234,0.0402,0,0.167,130.063,4,156083,0,-0.532730459154041,-0.49429632181478
"401",402,"Ruth B.",2.057984888,5,"Dandelions",1,35,32,0.609,0.692,1,-2.958,1,0.0259,0.0157,0,0.0864,116.959,3,233720,3.46573590279973,-0.49593701127224,-0.368169323364468
"402",403,"Sean Paul",4.910936441,10,"No Lie",0,80,34,0.742,0.882,7,-2.862,1,0.117,0.0466,0,0.206,102.04,4,221176,3.52636052461616,-0.298406035814757,-0.125563222975346
"403",404,"Sebastian Yatra",9.365402828,30,"Dos Oruguitas",0,104,2,0.423,0.355,0,-10.565,1,0.0454,0.761,0,0.0915,93.788,4,214613,0.693147180559945,-0.860383099935859,-1.03563748950672
"404",405,"Sebastian Yatra",9.365402828,30,"Tacones Rojos",0,45,18,0.746,0.844,11,-3.499,0,0.0359,0.062,0,0.149,123.014,4,189333,2.89037175789616,-0.293029678778376,-0.16960278438618
"405",406,"Shakira",10.78263121,25,"Te Felicito",0,13,16,0.695,0.636,5,-4.654,1,0.317,0.234,0,0.081,174.14,4,172235,2.77258872223978,-0.363843433417345,-0.452556715642015
"406",407,"Shawn Mendes",18.964777185,34,"When You're Gone",1,21,9,0.603,0.691,5,-5.805,1,0.0372,0.0248,0,0.583,147.148,4,172267,2.19722457733622,-0.505838082254952,-0.369615455214467
"407",408,"Shawn Mendes",18.964777185,34,"There's Nothing Holdin' Me Back",0,5,72,0.866,0.813,11,-4.063,0,0.0554,0.38,0,0.0779,121.998,4,199440,4.27666611901606,-0.143870370419702,-0.207024169434327
"408",409,"Shawn Mendes",18.964777185,34,"It'll Be Okay",0,55,7,0.398,0.286,7,-11.881,1,0.033,0.616,0.000146,0.0912,78.262,4,222800,1.94591014905531,-0.921303273697699,-1.25176346816228
"410",411,"Sia",13.601270394,26,"Unstoppable",0,112,6,0.468,0.779,9,-4.839,1,0.0779,0.112,0.000373,0.101,173.799,4,217747,1.79175946922805,-0.75928698306449,-0.249744233111389
"411",412,"Sleepy Hallow",1.566837791,2,"2055",0,31,27,0.829,0.512,6,-5.865,0,0.187,0.492,0,0.12,80.511,4,123987,3.29583686600433,-0.187535123846842,-0.669430653942629
"412",413,"Sleepy Hallow",1.566837791,2,"Die Young (feat. 347aidan)",0,97,1,0.808,0.582,11,-6.26,1,0.338,0.827,0,0.111,77.471,4,148817,0,-0.213193220461042,-0.541284831250699
"413",414,"Sofía Reyes",1.71910461,3,"1, 2, 3 (feat. Jason Derulo & De La Ghetto)",1,31,36,0.792,0.895,1,-3.112,0,0.0587,0.165,0,0.0501,94.968,4,201526,3.58351893845611,-0.233193887167711,-0.110931560707282
"414",415,"Steve Lacy",1.794556932,4,"Dark Red",0,66,33,0.603,0.783,6,-4.023,1,0.062,0.449,7.96e-06,0.119,172.041,4,173104,3.49650756146648,-0.505838082254952,-0.244622582991334
"415",416,"Steve Lacy",1.794556932,4,"Bad Habit",1,10,5,0.686,0.494,1,-7.093,1,0.0355,0.613,5.8e-05,0.402,168.946,4,232067,1.6094379124341,-0.376877651256252,-0.705219761794215
"416",417,"Stray Kids",3.120244998,5,"MANIAC",0,39,1,0.744,0.8,1,-2.63,1,0.266,0.181,0,0.0746,89.925,4,182758,0,-0.295714244149045,-0.22314355131421
"417",418,"Stromae",2.06240412,4,"L’enfer",0,113,1,0.4,0.547,2,-8.381,0,0.177,0.33,0,0.241,177.595,4,189720,0,-0.916290731874155,-0.603306476560156
"418",419,"Swedish House Mafia",2.34072704,6,"Moth To A Flame (with The Weeknd)",0,7,22,0.542,0.659,8,-7.289,1,0.0389,0.00279,0,0.105,120.122,4,234000,3.09104245335832,-0.612489277542491,-0.41703174447963
"419",420,"SZA",7.269204057,18,"I Hate U",1,19,7,0.535,0.388,7,-9.805,0,0.155,0.507,0,0.11,106.703,5,174000,1.94591014905531,-0.62548853208613,-0.946749939358864
"420",421,"Tainy",3.255357184,5,"Lo Siento BB:/ (with Bad Bunny & Julieta Venegas)",0,12,25,0.639,0.703,4,-6.33,0,0.0794,0.0889,1.78e-06,0.0865,169.888,4,207301,3.2188758248682,-0.447850824604602,-0.352398387171472
"421",422,"Tate McRae",3.371616079,8,"you broke me first",0,13,78,0.667,0.373,4,-9.389,1,0.05,0.785,0,0.0906,124.148,4,169266,4.35670882668959,-0.404965233066513,-0.986176859338322
"422",423,"Tate McRae",3.371616079,8,"chaotic",0,83,1,0.412,0.382,2,-7.023,0,0.0497,0.59,0,0.0931,81.493,3,178721,0,-0.886731929632611,-0.962334670375562
"423",424,"Tate McRae",3.371616079,8,"she's all i wanna be",0,38,7,0.614,0.644,2,-5.372,0,0.0426,0.0134,7.07e-06,0.117,160.036,4,206772,1.94591014905531,-0.487760350834995,-0.440056552877783
"424",425,"Taylor Swift",32.596728109,96,"Wildest Dreams (Taylor's Version)",0,29,11,0.583,0.67,8,-7.289,1,0.0646,0.0374,1e-04,0.126,140.061,4,220433,2.39789527279837,-0.539568092631645,-0.400477566597125
"425",426,"Taylor Swift",32.596728109,96,"august",0,11,7,0.532,0.623,5,-9.208,1,0.0331,0.538,7.28e-05,0.0925,89.937,4,261923,1.94591014905531,-0.631111789640493,-0.473208760194684
"426",427,"Taylor Swift",32.596728109,96,"All Too Well (10 Minute Version) (Taylor's Version) (From The Vault)",0,1,19,0.631,0.518,0,-8.771,1,0.0303,0.274,0,0.088,93.023,4,613027,2.94443897916644,-0.460449416440924,-0.657780036722654
"427",428,"Taylor Swift",32.596728109,96,"Don’t Blame Me",0,72,13,0.615,0.534,9,-6.719,0,0.0386,0.106,1.76e-05,0.0607,135.917,4,236413,2.56494935746154,-0.486133011175619,-0.627359440021942
"428",429,"Taylor Swift",32.596728109,96,"Carolina - From The Motion Picture “Where The Crawdads Sing”",0,152,1,0.476,0.189,11,-13.777,0,0.0329,0.904,4.52e-06,0.254,115.851,4,264439,0,-0.742337424750717,-1.66600826392249
"429",430,"Taylor Swift",32.596728109,96,"This Love (Taylor’s Version)",0,50,2,0.47,0.494,4,-8.672,1,0.0349,0.302,0,0.0672,144.039,4,250100,0.693147180559945,-0.755022584278033,-0.705219761794215
"430",431,"Taylor Swift",32.596728109,96,"Enchanted",0,61,10,0.535,0.618,8,-3.913,1,0.0273,0.0716,0.000388,0.169,81.975,4,352200,2.30258509299405,-0.62548853208613,-0.481266821524446
"431",432,"Taylor Swift",32.596728109,96,"Blank Space",0,130,20,0.76,0.703,5,-5.412,1,0.054,0.103,0,0.0913,95.997,4,231827,2.99573227355399,-0.27443684570176,-0.352398387171472
"432",433,"Tears For Fears",1.785149316,4,"Everybody Wants To Rule The World",0,105,10,0.645,0.795,7,-12.095,1,0.0527,0.347,0.00389,0.104,112.067,4,251489,2.30258509299405,-0.438504962186365,-0.229413164327805
"435",436,"The Chainsmokers",15.484677966,27,"High",0,70,2,0.601,0.787,0,-6.178,1,0.031,0.0492,0,0.142,134.981,4,175163,0.693147180559945,-0.509160344446929,-0.239527030564734
"436",437,"The Game",2.686873055,6,"Eazy",0,35,1,0.716,0.551,1,-6.987,1,0.47,0.167,0,0.197,82.393,4,234288,0,-0.334075112021491,-0.596020469829223
"438",439,"The Kid LAROI",6.647734218,16,"STAY (with Justin Bieber)",1,1,37,0.591,0.764,1,-5.484,1,0.0483,0.0383,0,0.103,169.928,4,141806,3.61091791264422,-0.525939261576039,-0.269187489815617
"441",442,"The Neighbourhood",6.718687991,12,"Daddy Issues",0,99,76,0.588,0.521,10,-9.461,1,0.0329,0.0678,0.149,0.123,85.012,4,260173,4.33073334028633,-0.53102833108351,-0.65200523722877
"442",443,"The Neighbourhood",6.718687991,12,"Sweater Weather",1,29,82,0.612,0.807,10,-2.81,1,0.0336,0.0495,0.0177,0.101,124.053,4,240400,4.40671924726425,-0.491022996469811,-0.214431610712188
"443",444,"The Neighbourhood",6.718687991,12,"Softcore",0,35,11,0.575,0.568,9,-5.509,0,0.03,0.0484,0.000417,0.286,93.986,4,206280,2.39789527279837,-0.553385238184787,-0.565633860260986
"444",445,"The Police",3.22297429,7,"Every Breath You Take",0,109,61,0.82,0.452,1,-9.796,1,0.0348,0.543,0.00294,0.0714,117.401,4,253920,4.11087386417331,-0.198450938723838,-0.794073099149906
"445",446,"The Weeknd",34.767779741,72,"Every Angel is Terrifying",0,62,1,0.447,0.959,0,-5.59,1,0.348,0.109,2.75e-05,0.0498,118.167,4,167256,0,-0.805196684368568,-0.0418642040986989
"446",447,"The Weeknd",34.767779741,72,"Here We Go… Again (feat. Tyler, the Creator)",0,25,2,0.469,0.623,1,-4.432,1,0.0302,0.345,0,0.588,134.943,4,209778,0.693147180559945,-0.757152510535858,-0.473208760194684
"447",448,"The Weeknd",34.767779741,72,"Less Than Zero",0,23,2,0.535,0.791,0,-5.55,1,0.0327,0.00096,0.000155,0.0788,142.981,4,211814,0.693147180559945,-0.62548853208613,-0.234457311214483
"448",449,"The Weeknd",34.767779741,72,"Die For You",0,41,26,0.586,0.525,1,-7.163,0,0.0615,0.111,0,0.134,133.629,4,260253,3.25809653802148,-0.534435489405125,-0.644357016390513
"449",450,"The Weeknd",34.767779741,72,"Out of Time",0,10,2,0.65,0.76,0,-4.422,0,0.0446,0.255,0,0.339,93.057,4,214194,0.693147180559945,-0.430782916092454,-0.27443684570176
"450",451,"The Weeknd",34.767779741,72,"The Hills",1,52,50,0.585,0.564,0,-7.063,0,0.0515,0.0671,0,0.135,113.003,4,242253,3.91202300542815,-0.536143431750281,-0.572701027484078
"453",454,"The Weeknd",34.767779741,72,"Don’t Break My Heart",1,55,1,0.767,0.618,10,-7.163,1,0.032,0.31,0,0.179,121.959,4,205469,0,-0.265268477614881,-0.481266821524446
"454",455,"The Weeknd",34.767779741,72,"Save Your Tears (with Ariana Grande) (Remix)",0,5,39,0.65,0.825,0,-4.645,1,0.0325,0.0215,2.44e-05,0.0936,118.091,4,191014,3.66356164612965,-0.430782916092454,-0.192371892647456
"455",456,"The Weeknd",34.767779741,72,"Call Out My Name",0,1,42,0.461,0.593,1,-4.954,1,0.0356,0.17,0,0.307,134.17,3,228373,3.73766961828337,-0.774357235985488,-0.522560879984412
"456",457,"The Weeknd",34.767779741,72,"A Tale By Quincy",0,54,1,0.447,0.513,5,-8.67,0,0.127,0.679,2.98e-05,0.096,67.289,3,96232,0,-0.805196684368568,-0.667479433811368
"457",458,"The Weeknd",34.767779741,72,"Take My Breath",0,22,2,0.698,0.769,8,-7.154,1,0.0368,0.0128,0.00166,0.238,121.02,4,339023,0.693147180559945,-0.359536176219765,-0.262664309476493
"458",459,"The Weeknd",34.767779741,72,"How Do I Make You Love Me?",0,14,2,0.805,0.498,7,-7.927,0,0.0737,0.0203,2.37e-05,0.085,121.006,4,214215,0.693147180559945,-0.216913001563574,-0.697155201957484
"459",460,"The Weeknd",34.767779741,72,"Starboy",0,1,97,0.679,0.587,7,-7.015,1,0.276,0.141,6.35e-06,0.137,186.003,4,230453,4.57471097850338,-0.387134151423441,-0.532730459154041
"460",461,"The Weeknd",34.767779741,72,"Stargirl Interlude",0,168,4,0.715,0.47,5,-12.638,0,0.0772,0.353,0.0923,0.104,89.965,4,111627,1.38629436111989,-0.335472736288129,-0.755022584278033
"461",462,"The Weeknd",34.767779741,72,"I Heard You’re Married (feat. Lil Wayne)",0,28,1,0.736,0.848,9,-5.494,0,0.171,0.103,0,0.299,109.946,4,263642,0,-0.306525160253261,-0.164874643190234
"463",464,"The Weeknd",34.767779741,72,"Save Your Tears (Remix) (with Ariana Grande) - Bonus Track",0,5,48,0.65,0.825,0,-4.645,1,0.0325,0.0215,2.44e-05,0.0936,118.091,4,191014,3.87120101090789,-0.430782916092454,-0.192371892647456
"464",465,"The Weeknd",34.767779741,72,"Best Friends",0,26,2,0.737,0.564,4,-7.045,0,0.105,0.436,0,0.351,90,4,163504,0.693147180559945,-0.3051673867928,-0.572701027484078
"465",466,"The Weeknd",34.767779741,72,"Gasoline",0,13,2,0.728,0.741,6,-7.075,0,0.0473,0.000582,0.00206,0.33,123.006,4,212166,0.693147180559945,-0.317454230785451,-0.29975465368605
"466",467,"The Weeknd",34.767779741,72,"Is There Someone Else?",0,11,2,0.702,0.586,9,-7.83,0,0.0313,0.0388,7.27e-05,0.156,134.951,4,199111,0.693147180559945,-0.353821874956326,-0.534435489405125
"469",470,"The Weeknd",34.767779741,72,"Sacrifice",0,3,11,0.735,0.795,11,-6.523,0,0.113,0.0296,3.18e-05,0.0678,122,4,188918,2.39789527279837,-0.3078847797693,-0.229413164327805
"470",471,"The Weeknd",34.767779741,72,"Save Your Tears",0,2,68,0.68,0.826,0,-5.487,1,0.0309,0.0212,1.24e-05,0.543,118.051,4,215627,4.21950770517611,-0.385662480811985,-0.191160505461159
"471",472,"The Weeknd",34.767779741,72,"Take My Breath - Single Version",0,7,21,0.747,0.739,8,-6.008,1,0.0487,0.0106,2.22e-05,0.101,120.996,4,220196,3.04452243772342,-0.29169009384932,-0.302457358033935
"472",473,"Tiago PZK",1.709750883,4,"Salimo de Noche",0,72,12,0.669,0.628,2,-4.177,1,0.0526,0.294,1.83e-05,0.124,83.803,4,177857,2.484906649788,-0.401971218853909,-0.465215112513938
"473",474,"Tiago PZK",1.709750883,4,"Entre Nosotros (Remix) [con Nicki Nicole]",0,53,2,0.7,0.438,5,-5.784,0,0.0433,0.401,0,0.373,170.106,3,260000,0.693147180559945,-0.356674943938732,-0.825536368605691
"474",475,"Tiago PZK",1.709750883,4,"Nos Comemos (feat. Ozuna)",0,140,2,0.827,0.819,6,-3.701,1,0.052,0.1,0,0.089,92.017,4,191087,0.693147180559945,-0.189950583958446,-0.199671195129068
"475",476,"Tiësto",7.713821346,16,"The Business",1,9,64,0.798,0.62,8,-7.079,0,0.232,0.414,0.0192,0.112,120.031,4,164000,4.15888308335967,-0.225646681532328,-0.478035800943
"476",477,"Tiësto",7.713821346,16,"The Motto",1,23,20,0.754,0.763,7,-4.627,0,0.0435,0.0301,2.23e-05,0.0901,117.953,4,164819,2.99573227355399,-0.282362910974181,-0.27049724769768
"477",478,"Tiësto",7.713821346,16,"Don't Be Shy",0,38,32,0.77,0.787,11,-3.748,0,0.0583,0.198,0,0.262,119.986,4,140500,3.46573590279973,-0.261364764134408,-0.239527030564734
"478",479,"Tiësto",7.713821346,16,"Hot In It",0,150,1,0.748,0.841,7,-5.08,1,0.177,0.00445,1.33e-06,0.0413,123.045,4,129817,0,-0.29035230100766,-0.173163619009189
"479",480,"TINI",2.717301467,8,"La Loto",0,157,2,0.855,0.83,1,-2.815,1,0.106,0.0783,1.31e-06,0.08,90.009,4,190667,0.693147180559945,-0.156653810045377,-0.186329578191493
"480",481,"TINI",2.717301467,8,"Miénteme",0,41,35,0.85,0.541,2,-4.522,1,0.0674,0.161,5.01e-06,0.286,92.003,4,165275,3.55534806148941,-0.162518929497775,-0.614336000135655
"481",482,"TINI",2.717301467,8,"Bar",0,99,9,0.523,0.691,1,-3.802,1,0.0833,0.133,0,0.327,94.148,4,160213,2.19722457733622,-0.648173814917214,-0.369615455214467
"482",483,"Tom Odell",2.313290532,3,"Another Love",1,31,50,0.442,0.538,4,-8.55,0,0.0451,0.717,2.95e-05,0.09,122.758,4,244360,3.91202300542815,-0.816445396904439,-0.619896718820353
"485",486,"Troye Sivan",5.103726645,12,"Angel Baby",0,59,19,0.559,0.559,11,-6.425,1,0.0358,0.0145,0,0.138,72.498,4,220780,2.94443897916644,-0.581605805827038,-0.581605805827038
"486",487,"Trueno",1.625212488,5,"DANCE CRIP",0,79,9,0.857,0.766,0,-3.699,1,0.0978,0.108,0,0.0817,106.024,4,165019,2.19722457733622,-0.154317360384357,-0.266573109241546
"487",488,"TWICE",5.181586735,13,"The Feels",0,57,16,0.808,0.903,9,-2.179,1,0.0729,0.0899,0,0.0816,120.044,4,198053,2.77258872223978,-0.213193220461042,-0.102032725565152
"488",489,"Tyga",8.136081475,20,"Freaky Deaky",0,83,4,0.799,0.653,2,-5.453,0,0.037,0.019,0,0.0935,104.019,4,215281,1.38629436111989,-0.224394333215862,-0.426178149705706
"489",490,"Vance Joy",4.21627482,9,"Riptide",1,122,64,0.484,0.731,1,-6.694,1,0.0379,0.431,0,0.151,101.654,4,204280,4.15888308335967,-0.725670372265505,-0.313341819232359
"490",491,"WILLOW",2.162026224,3,"Wait a Minute!",1,138,1,0.764,0.705,3,-5.279,0,0.0278,0.0371,1.94e-05,0.0943,101.003,4,196520,0,-0.269187489815617,-0.349557476169868
"491",492,"XXXTENTACION",21.726799289,44,"Hope",0,42,35,0.592,0.457,9,-6.081,0,0.0603,0.661,0.000331,0.146,146.04,4,110886,3.55534806148941,-0.524248644098131,-0.783071888087932
"492",493,"XXXTENTACION",21.726799289,44,"Revenge",0,63,12,0.746,0.251,11,-16.169,0,0.259,0.782,0.00203,0.106,139.999,4,120027,2.484906649788,-0.293029678778376,-1.38230233985035
"493",494,"XXXTENTACION",21.726799289,44,"vice city",0,181,1,0.853,0.467,9,-6.843,0,0.195,0.00596,0.00171,0.203,87.023,4,220709,0,-0.158995731490458,-0.76142602131324
"495",496,"Yung Gravy",1.959097379,6,"Betty (Get Money)",1,78,5,0.723,0.772,1,-6.784,1,0.0792,0.00524,1.15e-05,0.367,102.004,4,146471,1.6094379124341,-0.324346056823372,-0.258770728957361
"496",497,"Zion & Lennox",4.710887632,11,"Yo Voy (feat. Daddy Yankee)",0,63,5,0.808,0.697,10,-5.899,1,0.241,0.041,0,0.0546,95.06,4,232020,1.6094379124341,-0.213193220461042,-0.360969868221613
